ano;mes;datatempo;ref;design;qtt
2019;1;2019-01-17 00:00:00.000;41140;Special K Flatbread Sausage Egg Cheese;2
2019;1;2019-01-24 00:00:00.000;41131;Fairlife Fat Free Milk;4
2019;1;2019-01-21 00:00:00.000;4172C;Rouses Yellow Mustard;18
2019;1;2019-01-18 00:00:00.000;41174;Perrier Mineral Water;2
2019;1;2019-01-23 00:00:00.000;41110;Lantana Hummus – Roasted Garlic, Black Bean, Edamame;4
2019;1;2019-01-15 00:00:00.000;41134;Living Harvest Hemp Milk Unsweetened;2
2019;1;2019-01-18 00:00:00.000;41208;Egglands’ Best Hard Cooked Eggs;7
2019;1;2019-01-15 00:00:00.000;41163;Chilly Cow Frozen Bars;3
2019;1;2019-01-02 00:00:00.000;41210;Just Egg Plant Based;4
2019;1;2019-01-04 00:00:00.000;41403;Protein2O water;1
2019;1;2019-01-08 00:00:00.000;41115;Triscuit Wheatberry Crackers;109
2019;1;2019-01-15 00:00:00.000;41155;Rouses Spinach & Goat Cheese Thin Crust;11
2019;1;2019-01-10 00:00:00.000;41175;Nestle Splash;5
2019;1;2019-01-21 00:00:00.000;41177;Hint Infused Water;1
2019;1;2019-01-18 00:00:00.000;41202;Cool Brew Decaf;9
2019;1;2019-01-14 00:00:00.000;41417;Dannon Light and Fit Greek;2
2019;1;2019-01-15 00:00:00.000;41129;Rouses Fat Free and Low Fat Milk;5
2019;1;2019-01-04 00:00:00.000;41392;International Collection Flaxseed Oil;2
2019;1;2019-01-08 00:00:00.000;41142;Van Multigrain Waffles;1
2019;1;2019-01-23 00:00:00.000;41169;Rouses Italian Sparkling Water;2
2019;1;2019-01-10 00:00:00.000;41172;La Croix Water Varieties;354
2019;1;2019-01-10 00:00:00.000;41202;Cool Brew Decaf;20
2019;1;2019-01-03 00:00:00.000;41117;Triscuits Mini Smoked Gouda;45
2019;1;2019-01-03 00:00:00.000;41128;Kashi Pita Crisps;5
2019;1;2019-01-17 00:00:00.000;41167;Edy’s No Sugar Added Triple Chocolate;8
2019;1;2019-01-21 00:00:00.000;41971;Paul Prudhomme  Six Spice Salt Free Sugar Free;5
2019;1;2019-01-08 00:00:00.000;41141;Morning Star Farm Breakfast Patties;2
2019;1;2019-01-23 00:00:00.000;41156;Table 87 Pizza Mushroom White Truffle;3
2019;1;2019-01-31 00:00:00.000;41202;Cool Brew Decaf;1
2019;1;2019-01-04 00:00:00.000;41419;YQ Yogurt Vanilla;13
2019;1;2019-01-21 00:00:00.000;41206;Egglands’ Best Eggs;13
2019;1;2019-01-14 00:00:00.000;41207;Handsome Farms Pasture Raised Eggs;14
2019;1;2019-01-29 00:00:00.000;41219;Wasa 7 Grain Crisp N Light;2
2019;1;2019-01-17 00:00:00.000;41227;Naked Green Machine Fruit Nut Veggie Bar;1
2019;1;2019-01-10 00:00:00.000;41416;Greek God Yogurt Plain;7
2019;1;2019-01-31 00:00:00.000;41113;Opadipity Lighthouse Greek Yogurt Dip;1
2019;1;2019-01-08 00:00:00.000;41118;Wasa 7 Grain Crisp N Light;39
2019;1;2019-01-14 00:00:00.000;41181;Wild Garden Snack Hummus with Crackers;3
2019;1;2019-01-18 00:00:00.000;41195;Chicken of the Sea Salmon Pouch;2
2019;1;2019-01-21 00:00:00.000;41205;Rouses Organic Eggs;3
2019;1;2019-01-28 00:00:00.000;41222;Blue Diamond Almond Crackers;3
2019;1;2019-01-08 00:00:00.000;41124;Crunch Master Cracker;16
2019;1;2019-01-10 00:00:00.000;41171;Rouses Coconut Water Berry Flavor;29
2019;1;2019-01-14 00:00:00.000;41409;Glucerna Hunger Smart Shake;3
2019;1;2019-01-16 00:00:00.000;41158;Halo Top Ice Cream;9
2019;1;2019-01-31 00:00:00.000;41201;Rotel Original No Salt Added;1
2019;1;2019-01-23 00:00:00.000;41415;Muscle Milk Banana Cream;4
2019;1;2019-01-08 00:00:00.000;41152;Outer Isle Pizza Crust;3
2019;1;2019-01-21 00:00:00.000;41166;Breyers Delight Raspberry;3
2019;1;2019-01-21 00:00:00.000;41113;Opadipity Lighthouse Greek Yogurt Dip;14
2019;1;2019-01-31 00:00:00.000;41168;Bluebell No Sugar Added Low Fat Ice Cream;9
2019;1;2019-01-16 00:00:00.000;41221;Crunch Master Cracker;3
2019;2;2019-02-15 00:00:00.000;41208;Egglands’ Best Hard Cooked Eggs;2
2019;2;2019-02-19 00:00:00.000;41417;Dannon Light and Fit Greek;3
2019;2;2019-02-04 00:00:00.000;41200;Hunt’s No Salt Added Diced Tomato;15
2019;2;2019-02-05 00:00:00.000;41129;Rouses Fat Free and Low Fat Milk;4
2019;2;2019-02-07 00:00:00.000;41392;International Collection Flaxseed Oil;2
2019;2;2019-02-21 00:00:00.000;41167;Edy’s No Sugar Added Triple Chocolate;4
2019;2;2019-02-01 00:00:00.000;41174;Perrier Mineral Water;10
2019;2;2019-02-05 00:00:00.000;41128;Kashi Pita Crisps;2
2019;2;2019-02-05 00:00:00.000;41145;Morning Star Spicy Bean Burger;2
2019;2;2019-02-04 00:00:00.000;41155;Rouses Spinach & Goat Cheese Thin Crust;1
2019;2;2019-02-05 00:00:00.000;41168;Bluebell No Sugar Added Low Fat Ice Cream;1
2019;2;2019-02-20 00:00:00.000;41132;Califia Creamer Hazelnut;5
2019;2;2019-02-01 00:00:00.000;41172;La Croix Water Varieties;104
2019;2;2019-02-01 00:00:00.000;4172C;Rouses Yellow Mustard;8
2019;2;2019-02-22 00:00:00.000;41173;Just Water Infused Spring Water;1
2019;2;2019-02-22 00:00:00.000;41201;Rotel Original No Salt Added;5
2019;2;2019-02-08 00:00:00.000;41404;Iconic Protein Drink;4
2019;2;2019-02-05 00:00:00.000;41131;Fairlife Fat Free Milk;7
2019;2;2019-02-15 00:00:00.000;41213;Brummel & Brown Yogurt Butter;2
2019;2;2019-02-08 00:00:00.000;41419;YQ Yogurt Vanilla;15
2019;2;2019-02-05 00:00:00.000;41152;Outer Isle Pizza Crust;4
2019;2;2019-02-01 00:00:00.000;41171;Rouses Coconut Water Berry Flavor;24
2019;2;2019-02-12 00:00:00.000;41206;Egglands’ Best Eggs;11
2019;2;2019-02-06 00:00:00.000;41227;Naked Green Machine Fruit Nut Veggie Bar;1
2019;2;2019-02-05 00:00:00.000;41118;Wasa 7 Grain Crisp N Light;13
2019;2;2019-02-01 00:00:00.000;41139;Ripple Milk Unsweetened;3
2019;2;2019-02-06 00:00:00.000;41207;Handsome Farms Pasture Raised Eggs;5
2019;2;2019-02-12 00:00:00.000;41141;Morning Star Farm Breakfast Patties;4
2019;2;2019-02-12 00:00:00.000;41142;Van Multigrain Waffles;4
2019;2;2019-02-06 00:00:00.000;41202;Cool Brew Decaf;2
2019;2;2019-02-05 00:00:00.000;41117;Triscuits Mini Smoked Gouda;23
2019;2;2019-02-27 00:00:00.000;41143;Lean Cuisine Spaghetti with Meatballs;1
2019;2;2019-02-07 00:00:00.000;41177;Hint Infused Water;3
2019;2;2019-02-05 00:00:00.000;41115;Triscuit Wheatberry Crackers;24
2019;2;2019-02-06 00:00:00.000;41124;Crunch Master Cracker;4
2019;2;2019-02-01 00:00:00.000;41175;Nestle Splash;31
2019;2;2019-02-05 00:00:00.000;41180;Bumblebee Tuna Salad Ready to Eat;8
2019;2;2019-02-26 00:00:00.000;41195;Chicken of the Sea Salmon Pouch;2
2019;2;2019-02-13 00:00:00.000;41158;Halo Top Ice Cream;7
2019;3;2019-03-11 00:00:00.000;41113;Opadipity Lighthouse Greek Yogurt Dip;4
2019;3;2019-03-26 00:00:00.000;41419;YQ Yogurt Vanilla;1
2019;3;2019-03-08 00:00:00.000;41152;Outer Isle Pizza Crust;4
2019;3;2019-03-06 00:00:00.000;41172;La Croix Water Varieties;4
2019;3;2019-03-19 00:00:00.000;41201;Rotel Original No Salt Added;4
2019;3;2019-03-11 00:00:00.000;41206;Egglands’ Best Eggs;4
2019;3;2019-03-08 00:00:00.000;41219;Wasa 7 Grain Crisp N Light;1
2019;3;2019-03-08 00:00:00.000;41221;Crunch Master Cracker;1
2019;3;2019-03-15 00:00:00.000;41200;Hunt’s No Salt Added Diced Tomato;4
2019;3;2019-03-19 00:00:00.000;41140;Special K Flatbread Sausage Egg Cheese;2
2019;3;2019-03-08 00:00:00.000;41409;Glucerna Hunger Smart Shake;4
2019;3;2019-03-06 00:00:00.000;41161;Weight Watchers Triple Chocolate Bar;2
2019;3;2019-03-28 00:00:00.000;41174;Perrier Mineral Water;5
2019;3;2019-03-28 00:00:00.000;41205;Rouses Organic Eggs;3
2019;3;2019-03-29 00:00:00.000;41128;Kashi Pita Crisps;1
2019;3;2019-03-27 00:00:00.000;41167;Edy’s No Sugar Added Triple Chocolate;4
2019;3;2019-03-29 00:00:00.000;41129;Rouses Fat Free and Low Fat Milk;1
2019;3;2019-03-15 00:00:00.000;41175;Nestle Splash;10
2019;3;2019-03-13 00:00:00.000;41415;Muscle Milk Banana Cream;1
2019;3;2019-03-01 00:00:00.000;41417;Dannon Light and Fit Greek;1
2019;3;2019-03-13 00:00:00.000;41131;Fairlife Fat Free Milk;6
2019;3;2019-03-22 00:00:00.000;41124;Crunch Master Cracker;2
2019;3;2019-03-11 00:00:00.000;41118;Wasa 7 Grain Crisp N Light;2
2019;3;2019-03-13 00:00:00.000;41115;Triscuit Wheatberry Crackers;22
2019;3;2019-03-14 00:00:00.000;41207;Handsome Farms Pasture Raised Eggs;2
2019;3;2019-03-01 00:00:00.000;41210;Just Egg Plant Based;1
2019;4;2019-04-26 00:00:00.000;41168;Bluebell No Sugar Added Low Fat Ice Cream;1
2019;4;2019-04-30 00:00:00.000;41221;Crunch Master Cracker;1
2019;4;2019-04-18 00:00:00.000;41152;Outer Isle Pizza Crust;2
2019;4;2019-04-01 00:00:00.000;41201;Rotel Original No Salt Added;9
2019;4;2019-04-17 00:00:00.000;41415;Muscle Milk Banana Cream;1
2019;4;2019-04-12 00:00:00.000;41124;Crunch Master Cracker;1
2019;4;2019-04-04 00:00:00.000;41117;Triscuits Mini Smoked Gouda;13
2019;4;2019-04-01 00:00:00.000;41128;Kashi Pita Crisps;4
2019;4;2019-04-01 00:00:00.000;41228;Kind Pressed Fruit Bars;1
2019;4;2019-04-16 00:00:00.000;41129;Rouses Fat Free and Low Fat Milk;5
2019;4;2019-04-29 00:00:00.000;41172;La Croix Water Varieties;10
2019;4;2019-04-09 00:00:00.000;41115;Triscuit Wheatberry Crackers;2
2019;4;2019-04-22 00:00:00.000;41218;Triscuits Mini Smoked Gouda;4
2019;4;2019-04-17 00:00:00.000;41110;Lantana Hummus – Roasted Garlic, Black Bean, Edamame;6
2019;4;2019-04-17 00:00:00.000;41200;Hunt’s No Salt Added Diced Tomato;14
2019;4;2019-04-01 00:00:00.000;41422;Rouses Parmesan Cheese Deli Cup;6
2019;4;2019-04-30 00:00:00.000;41131;Fairlife Fat Free Milk;6
2019;5;2019-05-28 00:00:00.000;41115;Triscuit Wheatberry Crackers;3
2019;5;2019-05-02 00:00:00.000;41124;Crunch Master Cracker;2
2019;5;2019-05-14 00:00:00.000;41177;Hint Infused Water;1
2019;5;2019-05-23 00:00:00.000;41202;Cool Brew Decaf;6
2019;5;2019-05-10 00:00:00.000;41118;Wasa 7 Grain Crisp N Light;3
2019;5;2019-05-27 00:00:00.000;41171;Rouses Coconut Water Berry Flavor;1
2019;5;2019-05-10 00:00:00.000;41206;Egglands’ Best Eggs;3
2019;5;2019-05-27 00:00:00.000;41172;La Croix Water Varieties;10
2019;5;2019-05-07 00:00:00.000;4172C;Rouses Yellow Mustard;6
2019;5;2019-05-09 00:00:00.000;41201;Rotel Original No Salt Added;19
2019;5;2019-05-14 00:00:00.000;41110;Lantana Hummus – Roasted Garlic, Black Bean, Edamame;13
2019;5;2019-05-03 00:00:00.000;41128;Kashi Pita Crisps;16
2019;5;2019-05-30 00:00:00.000;41167;Edy’s No Sugar Added Triple Chocolate;2
2019;5;2019-05-07 00:00:00.000;41129;Rouses Fat Free and Low Fat Milk;3
2019;5;2019-05-23 00:00:00.000;41181;Wild Garden Snack Hummus with Crackers;1
2019;5;2019-05-16 00:00:00.000;41208;Egglands’ Best Hard Cooked Eggs;4
2019;6;2019-06-27 00:00:00.000;41402;Quaker Protein Sandwich Peanut Butter;1
2019;6;2019-06-28 00:00:00.000;41115;Triscuit Wheatberry Crackers;6
2019;6;2019-06-28 00:00:00.000;41118;Wasa 7 Grain Crisp N Light;6
2019;6;2019-06-28 00:00:00.000;41177;Hint Infused Water;4
2019;6;2019-06-14 00:00:00.000;41117;Triscuits Mini Smoked Gouda;10
2019;6;2019-06-05 00:00:00.000;41124;Crunch Master Cracker;6
2019;6;2019-06-03 00:00:00.000;41172;La Croix Water Varieties;14
2019;6;2019-06-28 00:00:00.000;41110;Lantana Hummus – Roasted Garlic, Black Bean, Edamame;2
2019;6;2019-06-28 00:00:00.000;41128;Kashi Pita Crisps;2
2019;6;2019-06-28 00:00:00.000;41202;Cool Brew Decaf;4
2019;6;2019-06-28 00:00:00.000;41208;Egglands’ Best Hard Cooked Eggs;3
2019;6;2019-06-03 00:00:00.000;41129;Rouses Fat Free and Low Fat Milk;9
2019;6;2019-06-14 00:00:00.000;41213;Brummel & Brown Yogurt Butter;2
2019;6;2019-06-28 00:00:00.000;41175;Nestle Splash;4
2019;6;2019-06-25 00:00:00.000;41161;Weight Watchers Triple Chocolate Bar;6
2019;6;2019-06-28 00:00:00.000;41166;Breyers Delight Raspberry;3
2019;6;2019-06-28 00:00:00.000;4172C;Rouses Yellow Mustard;3
2019;6;2019-06-28 00:00:00.000;41200;Hunt’s No Salt Added Diced Tomato;3
2019;6;2019-06-28 00:00:00.000;41138;Silk Cashew Milk Unsweetened;1
2019;6;2019-06-24 00:00:00.000;41152;Outer Isle Pizza Crust;3
2019;6;2019-06-27 00:00:00.000;4181B;Rouses Balsamic Vinegar;1
2019;6;2019-06-21 00:00:00.000;41201;Rotel Original No Salt Added;9
2019;6;2019-06-28 00:00:00.000;41419;YQ Yogurt Vanilla;2
2019;6;2019-06-28 00:00:00.000;41171;Rouses Coconut Water Berry Flavor;6
2019;6;2019-06-27 00:00:00.000;41221;Crunch Master Cracker;1
2019;7;2019-07-25 00:00:00.000;41110;Lantana Hummus – Roasted Garlic, Black Bean, Edamame;1
2019;7;2019-07-26 00:00:00.000;41134;Living Harvest Hemp Milk Unsweetened;1
2019;7;2019-07-17 00:00:00.000;4172C;Rouses Yellow Mustard;1
2019;7;2019-07-26 00:00:00.000;41417;Dannon Light and Fit Greek;1
2019;7;2019-07-26 00:00:00.000;41115;Triscuit Wheatberry Crackers;2
2019;7;2019-07-30 00:00:00.000;41186;Chicken of the Sea White Premium Tuna Pouch;1
2019;7;2019-07-05 00:00:00.000;41167;Edy’s No Sugar Added Triple Chocolate;8
2019;7;2019-07-22 00:00:00.000;41404;Iconic Protein Drink;1
2019;7;2019-07-05 00:00:00.000;41128;Kashi Pita Crisps;8
2019;7;2019-07-01 00:00:00.000;41129;Rouses Fat Free and Low Fat Milk;6
2019;7;2019-07-16 00:00:00.000;41118;Wasa 7 Grain Crisp N Light;5
2019;7;2019-07-11 00:00:00.000;41124;Crunch Master Cracker;7
2019;7;2019-07-16 00:00:00.000;41117;Triscuits Mini Smoked Gouda;8
2019;7;2019-07-11 00:00:00.000;41201;Rotel Original No Salt Added;7
2019;7;2019-07-26 00:00:00.000;41415;Muscle Milk Banana Cream;1
2019;7;2019-07-26 00:00:00.000;41137;Califia Almond Milk Unsweetened;1
2019;8;2019-08-12 00:00:00.000;41129;Rouses Fat Free and Low Fat Milk;7
2019;8;2019-08-06 00:00:00.000;41417;Dannon Light and Fit Greek;1
2019;8;2019-08-06 00:00:00.000;41210;Just Egg Plant Based;1
2019;8;2019-08-28 00:00:00.000;41166;Breyers Delight Raspberry;4
2019;8;2019-08-01 00:00:00.000;41172;La Croix Water Varieties;10
2019;8;2019-08-16 00:00:00.000;41201;Rotel Original No Salt Added;4
2019;8;2019-08-30 00:00:00.000;41155;Rouses Spinach & Goat Cheese Thin Crust;2
2019;8;2019-08-12 00:00:00.000;41171;Rouses Coconut Water Berry Flavor;8
2019;8;2019-08-08 00:00:00.000;41219;Wasa 7 Grain Crisp N Light;1
2019;8;2019-08-12 00:00:00.000;41419;YQ Yogurt Vanilla;6
2019;8;2019-08-19 00:00:00.000;41113;Opadipity Lighthouse Greek Yogurt Dip;2
2019;8;2019-08-19 00:00:00.000;41118;Wasa 7 Grain Crisp N Light;2
2019;8;2019-08-01 00:00:00.000;41206;Egglands’ Best Eggs;6
2019;8;2019-08-29 00:00:00.000;41214;Smart Balance Low Sodium;4
2019;8;2019-08-06 00:00:00.000;41217;Triscuit Wheatberry Crackers;1
2019;8;2019-08-07 00:00:00.000;41137;Califia Almond Milk Unsweetened;1
2019;8;2019-08-27 00:00:00.000;41175;Nestle Splash;12
2019;8;2019-08-01 00:00:00.000;41115;Triscuit Wheatberry Crackers;8
2019;9;2019-09-16 00:00:00.000;41113;Opadipity Lighthouse Greek Yogurt Dip;6
2019;9;2019-09-16 00:00:00.000;41118;Wasa 7 Grain Crisp N Light;29
2019;9;2019-09-24 00:00:00.000;41203;Coffee Mate SF French Vanilla;3
2019;9;2019-09-26 00:00:00.000;41171;Rouses Coconut Water Berry Flavor;33
2019;9;2019-09-03 00:00:00.000;41219;Wasa 7 Grain Crisp N Light;1
2019;9;2019-09-27 00:00:00.000;41163;Chilly Cow Frozen Bars;4
2019;9;2019-09-16 00:00:00.000;41201;Rotel Original No Salt Added;9
2019;9;2019-09-27 00:00:00.000;41419;YQ Yogurt Vanilla;3
2019;9;2019-09-25 00:00:00.000;4172C;Rouses Yellow Mustard;8
2019;9;2019-09-27 00:00:00.000;41200;Hunt’s No Salt Added Diced Tomato;12
2019;9;2019-09-23 00:00:00.000;41126;Blue Diamond Almond Crackers;1
2019;9;2019-09-27 00:00:00.000;41169;Rouses Italian Sparkling Water;1
2019;9;2019-09-26 00:00:00.000;41213;Brummel & Brown Yogurt Butter;11
2019;9;2019-09-16 00:00:00.000;41175;Nestle Splash;15
2019;9;2019-09-24 00:00:00.000;41417;Dannon Light and Fit Greek;4
2019;9;2019-09-24 00:00:00.000;41423;Go Veggie Cheesy Bliss;1
2019;9;2019-09-24 00:00:00.000;41110;Lantana Hummus – Roasted Garlic, Black Bean, Edamame;1
2019;9;2019-09-26 00:00:00.000;41128;Kashi Pita Crisps;2
2019;9;2019-09-25 00:00:00.000;41167;Edy’s No Sugar Added Triple Chocolate;5
2019;9;2019-09-23 00:00:00.000;41208;Egglands’ Best Hard Cooked Eggs;16
2019;9;2019-09-18 00:00:00.000;41129;Rouses Fat Free and Low Fat Milk;8
2019;9;2019-09-17 00:00:00.000;41142;Van Multigrain Waffles;1
2019;9;2019-09-25 00:00:00.000;41202;Cool Brew Decaf;10
2019;9;2019-09-17 00:00:00.000;41141;Morning Star Farm Breakfast Patties;1
2019;9;2019-09-24 00:00:00.000;41210;Just Egg Plant Based;3
2019;9;2019-09-23 00:00:00.000;41115;Triscuit Wheatberry Crackers;41
2019;9;2019-09-26 00:00:00.000;41177;Hint Infused Water;4
2019;9;2019-09-24 00:00:00.000;41207;Handsome Farms Pasture Raised Eggs;7
2019;9;2019-09-23 00:00:00.000;41117;Triscuits Mini Smoked Gouda;25
2019;9;2019-09-24 00:00:00.000;41124;Crunch Master Cracker;13
2019;9;2019-09-30 00:00:00.000;41180;Bumblebee Tuna Salad Ready to Eat;1
2019;9;2019-09-24 00:00:00.000;41172;La Croix Water Varieties;135
2019;9;2019-09-23 00:00:00.000;41202;Cool Brew Decaf;17
2019;10;2019-10-01 00:00:00.000;41171;Rouses Coconut Water Berry Flavor;57
2019;10;2019-10-02 00:00:00.000;41213;Brummel & Brown Yogurt Butter;6
2019;10;2019-10-02 00:00:00.000;41113;Opadipity Lighthouse Greek Yogurt Dip;3
2019;10;2019-10-16 00:00:00.000;41415;Muscle Milk Banana Cream;1
2019;10;2019-10-14 00:00:00.000;41203;Coffee Mate SF French Vanilla;7
2019;10;2019-10-16 00:00:00.000;41214;Smart Balance Low Sodium;2
2019;10;2019-10-16 00:00:00.000;41423;Go Veggie Cheesy Bliss;1
2019;10;2019-10-01 00:00:00.000;41117;Triscuits Mini Smoked Gouda;72
2019;10;2019-10-18 00:00:00.000;41206;Egglands’ Best Eggs;3
2019;10;2019-10-16 00:00:00.000;41419;YQ Yogurt Vanilla;2
2019;10;2019-10-03 00:00:00.000;41158;Halo Top Ice Cream;3
2019;10;2019-10-01 00:00:00.000;41115;Triscuit Wheatberry Crackers;54
2019;10;2019-10-03 00:00:00.000;41118;Wasa 7 Grain Crisp N Light;40
2019;10;2019-10-01 00:00:00.000;41124;Crunch Master Cracker;31
2019;10;2019-10-16 00:00:00.000;41207;Handsome Farms Pasture Raised Eggs;18
2019;10;2019-10-16 00:00:00.000;41155;Rouses Spinach & Goat Cheese Thin Crust;3
2019;10;2019-10-02 00:00:00.000;41177;Hint Infused Water;32
2019;10;2019-10-16 00:00:00.000;41208;Egglands’ Best Hard Cooked Eggs;18
2019;10;2019-10-03 00:00:00.000;41417;Dannon Light and Fit Greek;9
2019;10;2019-10-16 00:00:00.000;41210;Just Egg Plant Based;3
2019;10;2019-10-09 00:00:00.000;41126;Blue Diamond Almond Crackers;4
2019;10;2019-10-04 00:00:00.000;41129;Rouses Fat Free and Low Fat Milk;9
2019;10;2019-10-01 00:00:00.000;41172;La Croix Water Varieties;81
2019;10;2019-10-16 00:00:00.000;41218;Triscuits Mini Smoked Gouda;2
2019;10;2019-10-01 00:00:00.000;41167;Edy’s No Sugar Added Triple Chocolate;10
2019;10;2019-10-14 00:00:00.000;41175;Nestle Splash;12
2019;10;2019-10-31 00:00:00.000;41180;Bumblebee Tuna Salad Ready to Eat;2
2019;10;2019-10-22 00:00:00.000;41202;Cool Brew Decaf;12
2019;10;2019-10-16 00:00:00.000;41202;Cool Brew Decaf;33
2019;10;2019-10-30 00:00:00.000;41110;Lantana Hummus – Roasted Garlic, Black Bean, Edamame;3
2019;10;2019-10-29 00:00:00.000;41166;Breyers Delight Raspberry;6
2019;10;2019-10-08 00:00:00.000;4172C;Rouses Yellow Mustard;27
2019;10;2019-10-10 00:00:00.000;41174;Perrier Mineral Water;5
2019;10;2019-10-16 00:00:00.000;41202;Cool Brew Decaf;2
2019;10;2019-10-16 00:00:00.000;41200;Hunt’s No Salt Added Diced Tomato;23
2019;10;2019-10-01 00:00:00.000;41161;Weight Watchers Triple Chocolate Bar;12
2019;10;2019-10-16 00:00:00.000;41169;Rouses Italian Sparkling Water;2
2019;11;2019-11-04 00:00:00.000;41115;Triscuit Wheatberry Crackers;20
2019;11;2019-11-14 00:00:00.000;41158;Halo Top Ice Cream;6
2019;11;2019-11-06 00:00:00.000;41175;Nestle Splash;44
2019;11;2019-11-08 00:00:00.000;41202;Cool Brew Decaf;23
2019;11;2019-11-07 00:00:00.000;41417;Dannon Light and Fit Greek;4
2019;11;2019-11-05 00:00:00.000;41117;Triscuits Mini Smoked Gouda;14
2019;11;2019-11-14 00:00:00.000;41128;Kashi Pita Crisps;2
2019;11;2019-11-11 00:00:00.000;41123;Nabisco Good Thins Varieties;1
2019;11;2019-11-06 00:00:00.000;41177;Hint Infused Water;39
2019;11;2019-11-04 00:00:00.000;41221;Crunch Master Cracker;1
2019;11;2019-11-04 00:00:00.000;41131;Fairlife Fat Free Milk;1
2019;11;2019-11-06 00:00:00.000;41124;Crunch Master Cracker;11
2019;11;2019-11-04 00:00:00.000;41171;Rouses Coconut Water Berry Flavor;21
2019;11;2019-11-11 00:00:00.000;41213;Brummel & Brown Yogurt Butter;10
2019;11;2019-11-05 00:00:00.000;41118;Wasa 7 Grain Crisp N Light;39
2019;11;2019-11-14 00:00:00.000;41169;Rouses Italian Sparkling Water;3
2019;11;2019-11-15 00:00:00.000;41206;Egglands’ Best Eggs;7
2019;11;2019-11-29 00:00:00.000;41124;Crunch Master Cracker;1
2019;11;2019-11-08 00:00:00.000;41156;Table 87 Pizza Mushroom White Truffle;4
2019;11;2019-11-08 00:00:00.000;41207;Handsome Farms Pasture Raised Eggs;13
2019;11;2019-11-25 00:00:00.000;41419;YQ Yogurt Vanilla;2
2019;11;2019-11-05 00:00:00.000;41113;Opadipity Lighthouse Greek Yogurt Dip;6
2019;11;2019-11-28 00:00:00.000;41152;Outer Isle Pizza Crust;1
2019;11;2019-11-14 00:00:00.000;41172;La Croix Water Varieties;37
2019;11;2019-11-14 00:00:00.000;41163;Chilly Cow Frozen Bars;1
2019;11;2019-11-06 00:00:00.000;4172C;Rouses Yellow Mustard;21
2019;11;2019-11-15 00:00:00.000;41200;Hunt’s No Salt Added Diced Tomato;3
2019;11;2019-11-08 00:00:00.000;41208;Egglands’ Best Hard Cooked Eggs;10
2019;11;2019-11-14 00:00:00.000;41129;Rouses Fat Free and Low Fat Milk;2
2019;11;2019-11-29 00:00:00.000;4158B;G Hughes Sugar Free BBQ Sauce;1
2019;11;2019-11-28 00:00:00.000;41167;Edy’s No Sugar Added Triple Chocolate;5
2019;12;2019-12-02 00:00:00.000;41124;Crunch Master Cracker;3
2019;12;2019-12-03 00:00:00.000;41172;La Croix Water Varieties;64
2019;12;2019-12-09 00:00:00.000;41175;Nestle Splash;5
2019;12;2019-12-04 00:00:00.000;41202;Cool Brew Decaf;7
2019;12;2019-12-09 00:00:00.000;41180;Bumblebee Tuna Salad Ready to Eat;13
2019;12;2019-12-04 00:00:00.000;41115;Triscuit Wheatberry Crackers;22
2019;12;2019-12-04 00:00:00.000;41155;Rouses Spinach & Goat Cheese Thin Crust;11
2019;12;2019-12-03 00:00:00.000;41159;Outshine Strawberry Yogurt Bar;6
2019;12;2019-12-05 00:00:00.000;41177;Hint Infused Water;9
2019;12;2019-12-02 00:00:00.000;41207;Handsome Farms Pasture Raised Eggs;8
2019;12;2019-12-04 00:00:00.000;41117;Triscuits Mini Smoked Gouda;14
2019;12;2019-12-12 00:00:00.000;41145;Morning Star Spicy Bean Burger;1
2019;12;2019-12-16 00:00:00.000;41156;Table 87 Pizza Mushroom White Truffle;2
2019;12;2019-12-16 00:00:00.000;41129;Rouses Fat Free and Low Fat Milk;5
2019;12;2019-12-13 00:00:00.000;41137;Califia Almond Milk Unsweetened;1
2019;12;2019-12-02 00:00:00.000;41202;Cool Brew Decaf;11
2019;12;2019-12-05 00:00:00.000;41167;Edy’s No Sugar Added Triple Chocolate;6
2019;12;2019-12-04 00:00:00.000;41208;Egglands’ Best Hard Cooked Eggs;4
2019;12;2019-12-02 00:00:00.000;41185;Starkist Pouch Low Sodium Chunk Light;2
2019;12;2019-12-18 00:00:00.000;41403;Protein2O water;1
2019;12;2019-12-19 00:00:00.000;41423;Go Veggie Cheesy Bliss;2
2019;12;2019-12-03 00:00:00.000;4172C;Rouses Yellow Mustard;18
2019;12;2019-12-19 00:00:00.000;41200;Hunt’s No Salt Added Diced Tomato;6
2019;12;2019-12-09 00:00:00.000;41158;Halo Top Ice Cream;4
2019;12;2019-12-04 00:00:00.000;41221;Crunch Master Cracker;3
2019;12;2019-12-19 00:00:00.000;41405;Ensure Light Chocolate;2
2019;12;2019-12-05 00:00:00.000;41135;Silk Creamer Original;5
2019;12;2019-12-04 00:00:00.000;41152;Outer Isle Pizza Crust;12
2019;12;2019-12-04 00:00:00.000;41171;Rouses Coconut Water Berry Flavor;42
2019;12;2019-12-04 00:00:00.000;41118;Wasa 7 Grain Crisp N Light;17
2019;12;2019-12-18 00:00:00.000;41392;International Collection Flaxseed Oil;1
2020;1;2020-01-31 00:00:00.000;41129;Rouses Fat Free and Low Fat Milk;1
2020;1;2020-01-20 00:00:00.000;41142;Van Multigrain Waffles;3
2020;1;2020-01-06 00:00:00.000;41177;Hint Infused Water;13
2020;1;2020-01-28 00:00:00.000;41415;Muscle Milk Banana Cream;1
2020;1;2020-01-28 00:00:00.000;41417;Dannon Light and Fit Greek;6
2020;1;2020-01-13 00:00:00.000;41128;Kashi Pita Crisps;1
2020;1;2020-01-22 00:00:00.000;41132;Califia Creamer Hazelnut;2
2020;1;2020-01-09 00:00:00.000;41180;Bumblebee Tuna Salad Ready to Eat;1
2020;1;2020-01-13 00:00:00.000;41202;Cool Brew Decaf;15
2020;1;2020-01-14 00:00:00.000;41167;Edy’s No Sugar Added Triple Chocolate;11
2020;1;2020-01-22 00:00:00.000;41158;Halo Top Ice Cream;3
2020;1;2020-01-30 00:00:00.000;41204;Ripple Half & Half Vanilla;2
2020;1;2020-01-13 00:00:00.000;41208;Egglands’ Best Hard Cooked Eggs;10
2020;1;2020-01-28 00:00:00.000;41974;Tony’s Cachere’s No Salt Seasoning;1
2020;1;2020-01-13 00:00:00.000;41166;Breyers Delight Raspberry;6
2020;1;2020-01-29 00:00:00.000;41175;Nestle Splash;12
2020;1;2020-01-13 00:00:00.000;41202;Cool Brew Decaf;12
2020;1;2020-01-06 00:00:00.000;41172;La Croix Water Varieties;274
2020;1;2020-01-22 00:00:00.000;4172C;Rouses Yellow Mustard;10
2020;1;2020-01-17 00:00:00.000;41200;Hunt’s No Salt Added Diced Tomato;3
2020;1;2020-01-06 00:00:00.000;41117;Triscuits Mini Smoked Gouda;46
2020;1;2020-01-16 00:00:00.000;41203;Coffee Mate SF French Vanilla;2
2020;1;2020-01-20 00:00:00.000;41141;Morning Star Farm Breakfast Patties;3
2020;1;2020-01-22 00:00:00.000;41145;Morning Star Spicy Bean Burger;1
2020;1;2020-01-17 00:00:00.000;41159;Outshine Strawberry Yogurt Bar;6
2020;1;2020-01-03 00:00:00.000;41201;Rotel Original No Salt Added;2
2020;1;2020-01-27 00:00:00.000;41210;Just Egg Plant Based;1
2020;1;2020-01-03 00:00:00.000;41118;Wasa 7 Grain Crisp N Light;35
2020;1;2020-01-14 00:00:00.000;41152;Outer Isle Pizza Crust;6
2020;1;2020-01-13 00:00:00.000;41207;Handsome Farms Pasture Raised Eggs;18
2020;1;2020-01-14 00:00:00.000;41155;Rouses Spinach & Goat Cheese Thin Crust;4
2020;1;2020-01-28 00:00:00.000;41213;Brummel & Brown Yogurt Butter;5
2020;1;2020-01-31 00:00:00.000;41419;YQ Yogurt Vanilla;2
2020;1;2020-01-28 00:00:00.000;41124;Crunch Master Cracker;15
2020;1;2020-01-09 00:00:00.000;41171;Rouses Coconut Water Berry Flavor;35
2020;1;2020-01-07 00:00:00.000;41115;Triscuit Wheatberry Crackers;73
2020;1;2020-01-07 00:00:00.000;41206;Egglands’ Best Eggs;3
2020;1;2020-01-23 00:00:00.000;41219;Wasa 7 Grain Crisp N Light;1
2020;1;2020-01-20 00:00:00.000;41131;Fairlife Fat Free Milk;3
2020;2;2020-02-13 00:00:00.000;41152;Outer Isle Pizza Crust;7
2020;2;2020-02-21 00:00:00.000;41201;Rotel Original No Salt Added;2
2020;2;2020-02-28 00:00:00.000;41144;Lean Cuisine Grilled Chicken Caesar;1
2020;2;2020-02-14 00:00:00.000;41203;Coffee Mate SF French Vanilla;1
2020;2;2020-02-19 00:00:00.000;41167;Edy’s No Sugar Added Triple Chocolate;10
2020;2;2020-02-14 00:00:00.000;4172C;Rouses Yellow Mustard;7
2020;2;2020-02-14 00:00:00.000;41129;Rouses Fat Free and Low Fat Milk;8
2020;2;2020-02-21 00:00:00.000;41150;Eating Well Gnocci with Vegetables;2
2020;2;2020-02-05 00:00:00.000;41172;La Croix Water Varieties;24
2020;2;2020-02-06 00:00:00.000;41200;Hunt’s No Salt Added Diced Tomato;4
2020;2;2020-02-28 00:00:00.000;41131;Fairlife Fat Free Milk;2
2020;2;2020-02-03 00:00:00.000;41171;Rouses Coconut Water Berry Flavor;19
2020;2;2020-02-07 00:00:00.000;41213;Brummel & Brown Yogurt Butter;3
2020;2;2020-02-26 00:00:00.000;41417;Dannon Light and Fit Greek;1
2020;2;2020-02-03 00:00:00.000;41115;Triscuit Wheatberry Crackers;16
2020;2;2020-02-28 00:00:00.000;41142;Van Multigrain Waffles;1
2020;2;2020-02-05 00:00:00.000;41155;Rouses Spinach & Goat Cheese Thin Crust;1
2020;2;2020-02-20 00:00:00.000;41177;Hint Infused Water;1
2020;2;2020-02-03 00:00:00.000;41207;Handsome Farms Pasture Raised Eggs;3
2020;2;2020-02-03 00:00:00.000;41118;Wasa 7 Grain Crisp N Light;9
2020;2;2020-02-20 00:00:00.000;41128;Kashi Pita Crisps;2
2020;2;2020-02-27 00:00:00.000;41202;Cool Brew Decaf;6
2020;2;2020-02-06 00:00:00.000;41124;Crunch Master Cracker;5
2020;2;2020-02-13 00:00:00.000;41175;Nestle Splash;4
2020;2;2020-02-26 00:00:00.000;41195;Chicken of the Sea Salmon Pouch;1
2020;2;2020-02-03 00:00:00.000;41202;Cool Brew Decaf;3
2020;2;2020-02-28 00:00:00.000;41146;Qrunch Burger Quinoa;1
2020;2;2020-02-06 00:00:00.000;41419;YQ Yogurt Vanilla;2
2020;2;2020-02-18 00:00:00.000;41156;Table 87 Pizza Mushroom White Truffle;1
2020;2;2020-02-03 00:00:00.000;41117;Triscuits Mini Smoked Gouda;18
2020;2;2020-02-28 00:00:00.000;41141;Morning Star Farm Breakfast Patties;1
2020;2;2020-02-07 00:00:00.000;41219;Wasa 7 Grain Crisp N Light;1
2020;3;2020-03-02 00:00:00.000;41118;Wasa 7 Grain Crisp N Light;9
2020;3;2020-03-06 00:00:00.000;4172C;Rouses Yellow Mustard;1
2020;3;2020-03-12 00:00:00.000;41134;Living Harvest Hemp Milk Unsweetened;1
2020;3;2020-03-16 00:00:00.000;41171;Rouses Coconut Water Berry Flavor;16
2020;3;2020-03-09 00:00:00.000;41131;Fairlife Fat Free Milk;1
2020;3;2020-03-09 00:00:00.000;41152;Outer Isle Pizza Crust;2
2020;3;2020-03-30 00:00:00.000;41216;Land O Lakes Light Butter with Canola Oil;1
2020;3;2020-03-16 00:00:00.000;41168;Bluebell No Sugar Added Low Fat Ice Cream;2
2020;3;2020-03-05 00:00:00.000;41419;YQ Yogurt Vanilla;8
2020;3;2020-03-12 00:00:00.000;41195;Chicken of the Sea Salmon Pouch;9
2020;3;2020-03-04 00:00:00.000;41115;Triscuit Wheatberry Crackers;5
2020;3;2020-03-02 00:00:00.000;41129;Rouses Fat Free and Low Fat Milk;14
2020;3;2020-03-02 00:00:00.000;41172;La Croix Water Varieties;10
2020;3;2020-03-06 00:00:00.000;41175;Nestle Splash;19
2020;3;2020-03-25 00:00:00.000;41207;Handsome Farms Pasture Raised Eggs;5
2020;3;2020-03-13 00:00:00.000;41117;Triscuits Mini Smoked Gouda;3
2020;3;2020-03-17 00:00:00.000;41202;Cool Brew Decaf;6
2020;4;2020-04-21 00:00:00.000;41171;Rouses Coconut Water Berry Flavor;5
2020;4;2020-04-28 00:00:00.000;41118;Wasa 7 Grain Crisp N Light;2
2020;4;2020-04-23 00:00:00.000;4181E;Nakano Natural Rice Vinegar;2
2020;4;2020-04-03 00:00:00.000;41210;Just Egg Plant Based;3
2020;4;2020-04-21 00:00:00.000;41161;Weight Watchers Triple Chocolate Bar;2
2020;4;2020-04-22 00:00:00.000;41172;La Croix Water Varieties;7
2020;4;2020-04-23 00:00:00.000;41158;Halo Top Ice Cream;5
2020;4;2020-04-24 00:00:00.000;41126;Blue Diamond Almond Crackers;3
2020;4;2020-04-28 00:00:00.000;41128;Kashi Pita Crisps;2
2020;4;2020-04-13 00:00:00.000;41417;Dannon Light and Fit Greek;1
2020;5;2020-05-06 00:00:00.000;41117;Triscuits Mini Smoked Gouda;5
2020;5;2020-05-08 00:00:00.000;41124;Crunch Master Cracker;1
2020;5;2020-05-28 00:00:00.000;41175;Nestle Splash;2
2020;5;2020-05-06 00:00:00.000;41115;Triscuit Wheatberry Crackers;8
2020;5;2020-05-06 00:00:00.000;41118;Wasa 7 Grain Crisp N Light;6
2020;5;2020-05-14 00:00:00.000;41128;Kashi Pita Crisps;1
2020;5;2020-05-06 00:00:00.000;41207;Handsome Farms Pasture Raised Eggs;3
2020;5;2020-05-06 00:00:00.000;41171;Rouses Coconut Water Berry Flavor;16
2020;5;2020-05-08 00:00:00.000;41177;Hint Infused Water;2
2020;5;2020-05-08 00:00:00.000;41417;Dannon Light and Fit Greek;1
2020;5;2020-05-14 00:00:00.000;41129;Rouses Fat Free and Low Fat Milk;3
2020;5;2020-05-07 00:00:00.000;41110;Lantana Hummus – Roasted Garlic, Black Bean, Edamame;2
2020;5;2020-05-28 00:00:00.000;41172;La Croix Water Varieties;1
2020;5;2020-05-13 00:00:00.000;41201;Rotel Original No Salt Added;33
2020;6;2020-06-18 00:00:00.000;41117;Triscuits Mini Smoked Gouda;1
2020;6;2020-06-02 00:00:00.000;41128;Kashi Pita Crisps;10
2020;6;2020-06-05 00:00:00.000;41141;Morning Star Farm Breakfast Patties;1
2020;6;2020-06-26 00:00:00.000;41202;Cool Brew Decaf;1
2020;6;2020-06-02 00:00:00.000;41129;Rouses Fat Free and Low Fat Milk;11
2020;6;2020-06-02 00:00:00.000;41124;Crunch Master Cracker;3
2020;6;2020-06-05 00:00:00.000;41115;Triscuit Wheatberry Crackers;4
2020;6;2020-06-05 00:00:00.000;41137;Califia Almond Milk Unsweetened;1
2020;6;2020-06-05 00:00:00.000;41142;Van Multigrain Waffles;1
2020;6;2020-06-05 00:00:00.000;41152;Outer Isle Pizza Crust;1
2020;6;2020-06-26 00:00:00.000;41169;Rouses Italian Sparkling Water;1
2020;6;2020-06-23 00:00:00.000;41201;Rotel Original No Salt Added;10
2020;6;2020-06-26 00:00:00.000;41415;Muscle Milk Banana Cream;1
2020;6;2020-06-18 00:00:00.000;41118;Wasa 7 Grain Crisp N Light;1
2020;6;2020-06-26 00:00:00.000;41171;Rouses Coconut Water Berry Flavor;3
2020;7;2020-07-03 00:00:00.000;41140;Special K Flatbread Sausage Egg Cheese;6
2020;7;2020-07-20 00:00:00.000;41110;Lantana Hummus – Roasted Garlic, Black Bean, Edamame;1
2020;7;2020-07-24 00:00:00.000;41128;Kashi Pita Crisps;2
2020;7;2020-07-02 00:00:00.000;41132;Califia Creamer Hazelnut;3
2020;7;2020-07-02 00:00:00.000;4172C;Rouses Yellow Mustard;2
2020;7;2020-07-14 00:00:00.000;41117;Triscuits Mini Smoked Gouda;6
2020;7;2020-07-02 00:00:00.000;41201;Rotel Original No Salt Added;16
2020;7;2020-07-08 00:00:00.000;41118;Wasa 7 Grain Crisp N Light;5
2020;7;2020-07-10 00:00:00.000;41152;Outer Isle Pizza Crust;3
2020;7;2020-07-20 00:00:00.000;41155;Rouses Spinach & Goat Cheese Thin Crust;6
2020;7;2020-07-08 00:00:00.000;41171;Rouses Coconut Water Berry Flavor;5
2020;7;2020-07-14 00:00:00.000;41419;YQ Yogurt Vanilla;6
2020;7;2020-07-13 00:00:00.000;41115;Triscuit Wheatberry Crackers;1
2020;7;2020-07-10 00:00:00.000;41131;Fairlife Fat Free Milk;3
2020;8;2020-08-07 00:00:00.000;41113;Opadipity Lighthouse Greek Yogurt Dip;3
2020;8;2020-08-24 00:00:00.000;41158;Halo Top Ice Cream;3
2020;8;2020-08-04 00:00:00.000;41201;Rotel Original No Salt Added;4
2020;8;2020-08-28 00:00:00.000;41161;Weight Watchers Triple Chocolate Bar;2
2020;8;2020-08-11 00:00:00.000;41155;Rouses Spinach & Goat Cheese Thin Crust;2
2020;8;2020-08-03 00:00:00.000;41171;Rouses Coconut Water Berry Flavor;5
2020;8;2020-08-03 00:00:00.000;41177;Hint Infused Water;2
2020;8;2020-08-24 00:00:00.000;41115;Triscuit Wheatberry Crackers;2
2020;8;2020-08-03 00:00:00.000;41128;Kashi Pita Crisps;3
2020;8;2020-08-24 00:00:00.000;41213;Brummel & Brown Yogurt Butter;2
2020;8;2020-08-24 00:00:00.000;41206;Egglands’ Best Eggs;2
2020;8;2020-08-11 00:00:00.000;41219;Wasa 7 Grain Crisp N Light;2
2020;9;2020-09-07 00:00:00.000;41201;Rotel Original No Salt Added;9
2020;9;2020-09-10 00:00:00.000;41171;Rouses Coconut Water Berry Flavor;40
2020;9;2020-09-10 00:00:00.000;41118;Wasa 7 Grain Crisp N Light;45
2020;9;2020-09-21 00:00:00.000;41166;Breyers Delight Raspberry;6
2020;9;2020-09-08 00:00:00.000;41207;Handsome Farms Pasture Raised Eggs;2
2020;9;2020-09-16 00:00:00.000;41168;Bluebell No Sugar Added Low Fat Ice Cream;13
2020;9;2020-09-10 00:00:00.000;41131;Fairlife Fat Free Milk;7
2020;9;2020-09-10 00:00:00.000;41150;Eating Well Gnocci with Vegetables;1
2020;9;2020-09-11 00:00:00.000;41152;Outer Isle Pizza Crust;5
2020;9;2020-09-22 00:00:00.000;41206;Egglands’ Best Eggs;4
2020;9;2020-09-14 00:00:00.000;41423;Go Veggie Cheesy Bliss;1
2020;9;2020-09-02 00:00:00.000;41136;Almond Breeze Unsweetened Vanilla;2
2020;9;2020-09-07 00:00:00.000;41213;Brummel & Brown Yogurt Butter;5
2020;9;2020-09-07 00:00:00.000;41124;Crunch Master Cracker;13
2020;9;2020-09-10 00:00:00.000;41208;Egglands’ Best Hard Cooked Eggs;3
2020;9;2020-09-10 00:00:00.000;41115;Triscuit Wheatberry Crackers;55
2020;9;2020-09-29 00:00:00.000;41177;Hint Infused Water;2
2020;9;2020-09-22 00:00:00.000;41110;Lantana Hummus – Roasted Garlic, Black Bean, Edamame;2
2020;9;2020-09-08 00:00:00.000;41117;Triscuits Mini Smoked Gouda;74
2020;9;2020-09-14 00:00:00.000;41128;Kashi Pita Crisps;8
2020;9;2020-09-23 00:00:00.000;41202;Cool Brew Decaf;14
2020;9;2020-09-14 00:00:00.000;41129;Rouses Fat Free and Low Fat Milk;5
2020;9;2020-09-02 00:00:00.000;4158B;G Hughes Sugar Free BBQ Sauce;4
2020;9;2020-09-11 00:00:00.000;41172;La Croix Water Varieties;29
2020;9;2020-09-16 00:00:00.000;41200;Hunt’s No Salt Added Diced Tomato;6
2020;9;2020-09-10 00:00:00.000;41175;Nestle Splash;3
2020;9;2020-09-10 00:00:00.000;41202;Cool Brew Decaf;3
2020;9;2020-09-15 00:00:00.000;41417;Dannon Light and Fit Greek;1
2020;10;2020-10-01 00:00:00.000;41156;Table 87 Pizza Mushroom White Truffle;3
2020;10;2020-10-01 00:00:00.000;41171;Rouses Coconut Water Berry Flavor;86
2020;10;2020-10-02 00:00:00.000;41115;Triscuit Wheatberry Crackers;125
2020;10;2020-10-28 00:00:00.000;41131;Fairlife Fat Free Milk;1
2020;10;2020-10-29 00:00:00.000;41159;Outshine Strawberry Yogurt Bar;2
2020;10;2020-10-02 00:00:00.000;41124;Crunch Master Cracker;9
2020;10;2020-10-19 00:00:00.000;41180;Bumblebee Tuna Salad Ready to Eat;2
2020;10;2020-10-13 00:00:00.000;41461;Mrs. Dash Seasoning Packet;2
2020;10;2020-10-02 00:00:00.000;41163;Chilly Cow Frozen Bars;8
2020;10;2020-10-02 00:00:00.000;41117;Triscuits Mini Smoked Gouda;77
2020;10;2020-10-13 00:00:00.000;41152;Outer Isle Pizza Crust;2
2020;10;2020-10-20 00:00:00.000;41201;Rotel Original No Salt Added;4
2020;10;2020-10-16 00:00:00.000;41206;Egglands’ Best Eggs;7
2020;10;2020-10-15 00:00:00.000;41219;Wasa 7 Grain Crisp N Light;1
2020;10;2020-10-12 00:00:00.000;41155;Rouses Spinach & Goat Cheese Thin Crust;2
2020;10;2020-10-16 00:00:00.000;41168;Bluebell No Sugar Added Low Fat Ice Cream;2
2020;10;2020-10-13 00:00:00.000;41207;Handsome Farms Pasture Raised Eggs;23
2020;10;2020-10-14 00:00:00.000;41419;YQ Yogurt Vanilla;7
2020;10;2020-10-02 00:00:00.000;41118;Wasa 7 Grain Crisp N Light;81
2020;10;2020-10-16 00:00:00.000;41222;Blue Diamond Almond Crackers;1
2020;10;2020-10-14 00:00:00.000;41166;Breyers Delight Raspberry;4
2020;10;2020-10-09 00:00:00.000;41172;La Croix Water Varieties;79
2020;10;2020-10-19 00:00:00.000;41175;Nestle Splash;15
2020;10;2020-10-14 00:00:00.000;41200;Hunt’s No Salt Added Diced Tomato;13
2020;10;2020-10-13 00:00:00.000;41202;Cool Brew Decaf;14
2020;10;2020-10-01 00:00:00.000;4172C;Rouses Yellow Mustard;12
2020;10;2020-10-13 00:00:00.000;41208;Egglands’ Best Hard Cooked Eggs;7
2020;10;2020-10-02 00:00:00.000;41169;Rouses Italian Sparkling Water;21
2020;10;2020-10-29 00:00:00.000;41417;Dannon Light and Fit Greek;1
2020;10;2020-10-22 00:00:00.000;41177;Hint Infused Water;3
2020;10;2020-10-29 00:00:00.000;41217;Triscuit Wheatberry Crackers;1
2020;10;2020-10-20 00:00:00.000;41110;Lantana Hummus – Roasted Garlic, Black Bean, Edamame;4
2020;10;2020-10-02 00:00:00.000;41128;Kashi Pita Crisps;16
2020;10;2020-10-19 00:00:00.000;41129;Rouses Fat Free and Low Fat Milk;8
2020;10;2020-10-09 00:00:00.000;41174;Perrier Mineral Water;10
2020;10;2020-10-13 00:00:00.000;41202;Cool Brew Decaf;18
2020;11;2020-11-16 00:00:00.000;41430;Pam Cooking Spray Extra Virgin Olive oil;1
2020;11;2020-11-18 00:00:00.000;41136;Almond Breeze Unsweetened Vanilla;1
2020;11;2020-11-06 00:00:00.000;41156;Table 87 Pizza Mushroom White Truffle;1
2020;11;2020-11-18 00:00:00.000;41175;Nestle Splash;22
2020;11;2020-11-06 00:00:00.000;41202;Cool Brew Decaf;19
2020;11;2020-11-12 00:00:00.000;41206;Egglands’ Best Eggs;2
2020;11;2020-11-18 00:00:00.000;41158;Halo Top Ice Cream;3
2020;11;2020-11-04 00:00:00.000;41124;Crunch Master Cracker;9
2020;11;2020-11-03 00:00:00.000;41419;YQ Yogurt Vanilla;4
2020;11;2020-11-03 00:00:00.000;41115;Triscuit Wheatberry Crackers;74
2020;11;2020-11-09 00:00:00.000;41128;Kashi Pita Crisps;7
2020;11;2020-11-06 00:00:00.000;41159;Outshine Strawberry Yogurt Bar;5
2020;11;2020-11-09 00:00:00.000;41163;Chilly Cow Frozen Bars;4
2020;11;2020-11-06 00:00:00.000;41167;Edy’s No Sugar Added Triple Chocolate;12
2020;11;2020-11-06 00:00:00.000;41207;Handsome Farms Pasture Raised Eggs;17
2020;11;2020-11-23 00:00:00.000;41210;Just Egg Plant Based;3
2020;11;2020-11-03 00:00:00.000;41117;Triscuits Mini Smoked Gouda;59
2020;11;2020-11-16 00:00:00.000;41202;Cool Brew Decaf;2
2020;11;2020-11-12 00:00:00.000;41155;Rouses Spinach & Goat Cheese Thin Crust;2
2020;11;2020-11-03 00:00:00.000;41171;Rouses Coconut Water Berry Flavor;39
2020;11;2020-11-06 00:00:00.000;41177;Hint Infused Water;11
2020;11;2020-11-30 00:00:00.000;41417;Dannon Light and Fit Greek;1
2020;11;2020-11-03 00:00:00.000;41118;Wasa 7 Grain Crisp N Light;69
2020;11;2020-11-09 00:00:00.000;41129;Rouses Fat Free and Low Fat Milk;4
2020;11;2020-11-09 00:00:00.000;41228;Kind Pressed Fruit Bars;3
2020;11;2020-11-09 00:00:00.000;41166;Breyers Delight Raspberry;4
2020;11;2020-11-13 00:00:00.000;41172;La Croix Water Varieties;2
2020;11;2020-11-16 00:00:00.000;41110;Lantana Hummus – Roasted Garlic, Black Bean, Edamame;2
2020;11;2020-11-03 00:00:00.000;41200;Hunt’s No Salt Added Diced Tomato;3
2020;11;2020-11-02 00:00:00.000;41152;Outer Isle Pizza Crust;3
2020;11;2020-11-06 00:00:00.000;41208;Egglands’ Best Hard Cooked Eggs;4
2020;11;2020-11-11 00:00:00.000;41174;Perrier Mineral Water;2
2020;11;2020-11-17 00:00:00.000;41168;Bluebell No Sugar Added Low Fat Ice Cream;5
2020;12;2020-12-18 00:00:00.000;41175;Nestle Splash;6
2020;12;2020-12-22 00:00:00.000;41417;Dannon Light and Fit Greek;2
2020;12;2020-12-11 00:00:00.000;41129;Rouses Fat Free and Low Fat Milk;3
2020;12;2020-12-10 00:00:00.000;41172;La Croix Water Varieties;112
2020;12;2020-12-18 00:00:00.000;41200;Hunt’s No Salt Added Diced Tomato;1
2020;12;2020-12-23 00:00:00.000;41117;Triscuits Mini Smoked Gouda;11
2020;12;2020-12-14 00:00:00.000;41128;Kashi Pita Crisps;2
2020;12;2020-12-15 00:00:00.000;41115;Triscuit Wheatberry Crackers;17
2020;12;2020-12-18 00:00:00.000;41202;Cool Brew Decaf;4
2020;12;2020-12-15 00:00:00.000;41124;Crunch Master Cracker;8
2020;12;2020-12-17 00:00:00.000;41180;Bumblebee Tuna Salad Ready to Eat;1
2020;12;2020-12-15 00:00:00.000;41158;Halo Top Ice Cream;8
2020;12;2020-12-07 00:00:00.000;41419;YQ Yogurt Vanilla;9
2020;12;2020-12-10 00:00:00.000;41152;Outer Isle Pizza Crust;7
2020;12;2020-12-18 00:00:00.000;41206;Egglands’ Best Eggs;3
2020;12;2020-12-15 00:00:00.000;41423;Go Veggie Cheesy Bliss;1
2020;12;2020-12-07 00:00:00.000;41131;Fairlife Fat Free Milk;6
2020;12;2020-12-23 00:00:00.000;41150;Eating Well Gnocci with Vegetables;1
2020;12;2020-12-23 00:00:00.000;41195;Chicken of the Sea Salmon Pouch;1
2020;12;2020-12-15 00:00:00.000;41221;Crunch Master Cracker;1
2020;12;2020-12-14 00:00:00.000;41155;Rouses Spinach & Goat Cheese Thin Crust;1
2020;12;2020-12-18 00:00:00.000;41207;Handsome Farms Pasture Raised Eggs;4
2020;12;2020-12-07 00:00:00.000;41118;Wasa 7 Grain Crisp N Light;18
2020;12;2020-12-14 00:00:00.000;41168;Bluebell No Sugar Added Low Fat Ice Cream;5
2020;12;2020-12-18 00:00:00.000;4172C;Rouses Yellow Mustard;3
2020;12;2020-12-10 00:00:00.000;41222;Blue Diamond Almond Crackers;5
2020;12;2020-12-07 00:00:00.000;41171;Rouses Coconut Water Berry Flavor;16
2020;12;2020-12-18 00:00:00.000;41201;Rotel Original No Salt Added;3
2020;12;2020-12-18 00:00:00.000;41202;Cool Brew Decaf;4
2021;1;2021-01-05 00:00:00.000;41115;Triscuit Wheatberry Crackers;42
2021;1;2021-01-05 00:00:00.000;41158;Halo Top Ice Cream;10
2021;1;2021-01-12 00:00:00.000;41175;Nestle Splash;10
2021;1;2021-01-12 00:00:00.000;41202;Cool Brew Decaf;7
2021;1;2021-01-28 00:00:00.000;41417;Dannon Light and Fit Greek;1
2021;1;2021-01-06 00:00:00.000;41110;Lantana Hummus – Roasted Garlic, Black Bean, Edamame;3
2021;1;2021-01-12 00:00:00.000;41124;Crunch Master Cracker;13
2021;1;2021-01-12 00:00:00.000;41208;Egglands’ Best Hard Cooked Eggs;3
2021;1;2021-01-29 00:00:00.000;41113;Opadipity Lighthouse Greek Yogurt Dip;2
2021;1;2021-01-25 00:00:00.000;41409;Glucerna Hunger Smart Shake;1
2021;1;2021-01-12 00:00:00.000;41419;YQ Yogurt Vanilla;9
2021;1;2021-01-05 00:00:00.000;41136;Almond Breeze Unsweetened Vanilla;3
2021;1;2021-01-22 00:00:00.000;41206;Egglands’ Best Eggs;6
2021;1;2021-01-28 00:00:00.000;41159;Outshine Strawberry Yogurt Bar;1
2021;1;2021-01-15 00:00:00.000;41152;Outer Isle Pizza Crust;3
2021;1;2021-01-05 00:00:00.000;41172;La Croix Water Varieties;222
2021;1;2021-01-15 00:00:00.000;41131;Fairlife Fat Free Milk;6
2021;1;2021-01-29 00:00:00.000;41134;Living Harvest Hemp Milk Unsweetened;3
2021;1;2021-01-12 00:00:00.000;4172C;Rouses Yellow Mustard;82
2021;1;2021-01-12 00:00:00.000;41171;Rouses Coconut Water Berry Flavor;18
2021;1;2021-01-06 00:00:00.000;41118;Wasa 7 Grain Crisp N Light;35
2021;1;2021-01-11 00:00:00.000;41129;Rouses Fat Free and Low Fat Milk;6
2021;1;2021-01-22 00:00:00.000;4158B;G Hughes Sugar Free BBQ Sauce;3
2021;1;2021-01-12 00:00:00.000;41207;Handsome Farms Pasture Raised Eggs;4
2021;1;2021-01-15 00:00:00.000;41155;Rouses Spinach & Goat Cheese Thin Crust;2
2021;1;2021-01-12 00:00:00.000;41177;Hint Infused Water;11
2021;1;2021-01-05 00:00:00.000;41117;Triscuits Mini Smoked Gouda;25
2021;1;2021-01-12 00:00:00.000;41128;Kashi Pita Crisps;4
2021;1;2021-01-12 00:00:00.000;41202;Cool Brew Decaf;6
2021;2;2021-02-10 00:00:00.000;41152;Outer Isle Pizza Crust;3
2021;2;2021-02-23 00:00:00.000;41219;Wasa 7 Grain Crisp N Light;1
2021;2;2021-02-12 00:00:00.000;41201;Rotel Original No Salt Added;8
2021;2;2021-02-02 00:00:00.000;41206;Egglands’ Best Eggs;8
2021;2;2021-02-24 00:00:00.000;41213;Brummel & Brown Yogurt Butter;2
2021;2;2021-02-23 00:00:00.000;41400;Protein One Chocolate Chip Bar;1
2021;2;2021-02-03 00:00:00.000;41419;YQ Yogurt Vanilla;3
2021;2;2021-02-01 00:00:00.000;41124;Crunch Master Cracker;10
2021;2;2021-02-02 00:00:00.000;41221;Crunch Master Cracker;3
2021;2;2021-02-15 00:00:00.000;41115;Triscuit Wheatberry Crackers;12
2021;2;2021-02-18 00:00:00.000;41140;Special K Flatbread Sausage Egg Cheese;4
2021;2;2021-02-08 00:00:00.000;41177;Hint Infused Water;4
2021;2;2021-02-17 00:00:00.000;41402;Quaker Protein Sandwich Peanut Butter;2
2021;2;2021-02-08 00:00:00.000;41167;Edy’s No Sugar Added Triple Chocolate;1
2021;2;2021-02-17 00:00:00.000;4181A;Tabasco Spicy Brown Mustard;1
2021;2;2021-02-08 00:00:00.000;41158;Halo Top Ice Cream;2
2021;2;2021-02-26 00:00:00.000;41180;Bumblebee Tuna Salad Ready to Eat;1
2021;2;2021-02-01 00:00:00.000;41172;La Croix Water Varieties;61
2021;2;2021-02-08 00:00:00.000;4172C;Rouses Yellow Mustard;1
2021;2;2021-02-08 00:00:00.000;41175;Nestle Splash;11
2021;2;2021-02-17 00:00:00.000;41151;Lean Cuisine Spinach and Mushrooms;1
2021;2;2021-02-17 00:00:00.000;41218;Triscuits Mini Smoked Gouda;1
2021;2;2021-02-17 00:00:00.000;4199A;Campbell’s Healthy Request Vegetable Beef Soup;1
2021;2;2021-02-24 00:00:00.000;41417;Dannon Light and Fit Greek;1
2021;2;2021-02-01 00:00:00.000;41155;Rouses Spinach & Goat Cheese Thin Crust;2
2021;2;2021-02-08 00:00:00.000;41159;Outshine Strawberry Yogurt Bar;10
2021;2;2021-02-01 00:00:00.000;41117;Triscuits Mini Smoked Gouda;10
2021;2;2021-02-01 00:00:00.000;41135;Silk Creamer Original;2
2021;2;2021-02-12 00:00:00.000;41171;Rouses Coconut Water Berry Flavor;5
2021;2;2021-02-15 00:00:00.000;41113;Opadipity Lighthouse Greek Yogurt Dip;3
2021;2;2021-02-01 00:00:00.000;41118;Wasa 7 Grain Crisp N Light;13
2021;3;2021-03-05 00:00:00.000;41432;Rouses Canola Oil;4
2021;3;2021-03-15 00:00:00.000;41131;Fairlife Fat Free Milk;4
2021;3;2021-03-08 00:00:00.000;41163;Chilly Cow Frozen Bars;5
2021;3;2021-03-11 00:00:00.000;41169;Rouses Italian Sparkling Water;3
2021;3;2021-03-05 00:00:00.000;41172;La Croix Water Varieties;19
2021;3;2021-03-19 00:00:00.000;41201;Rotel Original No Salt Added;9
2021;3;2021-03-08 00:00:00.000;41118;Wasa 7 Grain Crisp N Light;15
2021;3;2021-03-01 00:00:00.000;41115;Triscuit Wheatberry Crackers;12
2021;3;2021-03-02 00:00:00.000;41124;Crunch Master Cracker;11
2021;3;2021-03-16 00:00:00.000;41207;Handsome Farms Pasture Raised Eggs;1
2021;3;2021-03-29 00:00:00.000;41171;Rouses Coconut Water Berry Flavor;7
2021;3;2021-03-05 00:00:00.000;41177;Hint Infused Water;5
2021;3;2021-03-16 00:00:00.000;41202;Cool Brew Decaf;2
2021;3;2021-03-01 00:00:00.000;41117;Triscuits Mini Smoked Gouda;13
2021;3;2021-03-08 00:00:00.000;41219;Wasa 7 Grain Crisp N Light;1
2021;3;2021-03-16 00:00:00.000;41416;Greek God Yogurt Plain;2
2021;3;2021-03-15 00:00:00.000;41419;YQ Yogurt Vanilla;1
2021;3;2021-03-19 00:00:00.000;41425;Primal Kitchen Balsalmic Vinaigrette;1
2021;3;2021-03-01 00:00:00.000;41175;Nestle Splash;9
2021;3;2021-03-12 00:00:00.000;41180;Bumblebee Tuna Salad Ready to Eat;1
2021;3;2021-03-02 00:00:00.000;41113;Opadipity Lighthouse Greek Yogurt Dip;6
2021;3;2021-03-02 00:00:00.000;4158B;G Hughes Sugar Free BBQ Sauce;2
2021;3;2021-03-16 00:00:00.000;41208;Egglands’ Best Hard Cooked Eggs;1
2021;3;2021-03-10 00:00:00.000;41110;Lantana Hummus – Roasted Garlic, Black Bean, Edamame;2
2021;3;2021-03-02 00:00:00.000;41158;Halo Top Ice Cream;2
2021;3;2021-03-26 00:00:00.000;4172C;Rouses Yellow Mustard;2
2021;4;2021-04-21 00:00:00.000;41117;Triscuits Mini Smoked Gouda;6
2021;4;2021-04-13 00:00:00.000;41128;Kashi Pita Crisps;2
2021;4;2021-04-23 00:00:00.000;41422;Rouses Parmesan Cheese Deli Cup;12
2021;4;2021-04-07 00:00:00.000;41129;Rouses Fat Free and Low Fat Milk;12
2021;4;2021-04-21 00:00:00.000;41172;La Croix Water Varieties;1
2021;4;2021-04-22 00:00:00.000;41426;Hanley’s Sensational;3
2021;4;2021-04-29 00:00:00.000;41118;Wasa 7 Grain Crisp N Light;1
2021;4;2021-04-28 00:00:00.000;41416;Greek God Yogurt Plain;4
2021;4;2021-04-06 00:00:00.000;4172C;Rouses Yellow Mustard;5
2021;4;2021-04-28 00:00:00.000;41200;Hunt’s No Salt Added Diced Tomato;4
2021;4;2021-04-15 00:00:00.000;41152;Outer Isle Pizza Crust;2
2021;4;2021-04-22 00:00:00.000;41424;Lisanatti Foods Almond Mozzarella Style;3
2021;4;2021-04-12 00:00:00.000;41163;Chilly Cow Frozen Bars;1
2021;4;2021-04-23 00:00:00.000;41201;Rotel Original No Salt Added;14
2021;4;2021-04-23 00:00:00.000;41974;Tony’s Cachere’s No Salt Seasoning;1
2021;4;2021-04-12 00:00:00.000;41161;Weight Watchers Triple Chocolate Bar;1
2021;4;2021-04-08 00:00:00.000;41401;Kashi Peanut Butter Bar;1
2021;4;2021-04-23 00:00:00.000;41425;Primal Kitchen Balsalmic Vinaigrette;1
2021;4;2021-04-20 00:00:00.000;41113;Opadipity Lighthouse Greek Yogurt Dip;6
2021;4;2021-04-07 00:00:00.000;41115;Triscuit Wheatberry Crackers;2
2021;4;2021-04-22 00:00:00.000;41175;Nestle Splash;6
2021;4;2021-04-01 00:00:00.000;41158;Halo Top Ice Cream;5
2021;5;2021-05-14 00:00:00.000;41118;Wasa 7 Grain Crisp N Light;1
2021;5;2021-05-14 00:00:00.000;41207;Handsome Farms Pasture Raised Eggs;1
2021;5;2021-05-03 00:00:00.000;41117;Triscuits Mini Smoked Gouda;4
2021;5;2021-05-20 00:00:00.000;4172C;Rouses Yellow Mustard;1
2021;5;2021-05-19 00:00:00.000;41129;Rouses Fat Free and Low Fat Milk;3
2021;5;2021-05-06 00:00:00.000;41202;Cool Brew Decaf;4
2021;5;2021-05-14 00:00:00.000;41124;Crunch Master Cracker;1
2021;5;2021-05-10 00:00:00.000;41201;Rotel Original No Salt Added;2
2021;5;2021-05-27 00:00:00.000;41206;Egglands’ Best Eggs;1
2021;6;2021-06-21 00:00:00.000;41409;Glucerna Hunger Smart Shake;1
2021;6;2021-06-11 00:00:00.000;41166;Breyers Delight Raspberry;3
2021;6;2021-06-09 00:00:00.000;41110;Lantana Hummus – Roasted Garlic, Black Bean, Edamame;2
2021;6;2021-06-21 00:00:00.000;41221;Crunch Master Cracker;1
2021;6;2021-06-04 00:00:00.000;41117;Triscuits Mini Smoked Gouda;10
2021;6;2021-06-11 00:00:00.000;41141;Morning Star Farm Breakfast Patties;1
2021;6;2021-06-28 00:00:00.000;41419;YQ Yogurt Vanilla;1
2021;6;2021-06-11 00:00:00.000;41142;Van Multigrain Waffles;1
2021;6;2021-06-28 00:00:00.000;41155;Rouses Spinach & Goat Cheese Thin Crust;5
2021;6;2021-06-28 00:00:00.000;41171;Rouses Coconut Water Berry Flavor;3
2021;6;2021-06-28 00:00:00.000;41128;Kashi Pita Crisps;3
2021;6;2021-06-23 00:00:00.000;41129;Rouses Fat Free and Low Fat Milk;2
2021;6;2021-06-17 00:00:00.000;41172;La Croix Water Varieties;11
2021;6;2021-06-01 00:00:00.000;41201;Rotel Original No Salt Added;5
2021;7;2021-07-01 00:00:00.000;41110;Lantana Hummus – Roasted Garlic, Black Bean, Edamame;6
2021;7;2021-07-27 00:00:00.000;41115;Triscuit Wheatberry Crackers;6
2021;7;2021-07-27 00:00:00.000;41175;Nestle Splash;6
2021;7;2021-07-01 00:00:00.000;41137;Califia Almond Milk Unsweetened;1
2021;7;2021-07-02 00:00:00.000;41201;Rotel Original No Salt Added;6
2021;7;2021-07-01 00:00:00.000;41118;Wasa 7 Grain Crisp N Light;5
2021;7;2021-07-27 00:00:00.000;41131;Fairlife Fat Free Milk;6
2021;7;2021-07-28 00:00:00.000;4172C;Rouses Yellow Mustard;2
2021;7;2021-07-28 00:00:00.000;41207;Handsome Farms Pasture Raised Eggs;2
2021;7;2021-07-01 00:00:00.000;41117;Triscuits Mini Smoked Gouda;2
2021;7;2021-07-02 00:00:00.000;41128;Kashi Pita Crisps;11
2021;7;2021-07-02 00:00:00.000;41129;Rouses Fat Free and Low Fat Milk;4
2021;8;2021-08-06 00:00:00.000;41152;Outer Isle Pizza Crust;3
2021;8;2021-08-03 00:00:00.000;41171;Rouses Coconut Water Berry Flavor;10
2021;8;2021-08-06 00:00:00.000;41131;Fairlife Fat Free Milk;4
2021;8;2021-08-03 00:00:00.000;41419;YQ Yogurt Vanilla;9
2021;8;2021-08-06 00:00:00.000;41201;Rotel Original No Salt Added;4
2021;8;2021-08-06 00:00:00.000;41115;Triscuit Wheatberry Crackers;5
2021;8;2021-08-06 00:00:00.000;41124;Crunch Master Cracker;3
2021;8;2021-08-06 00:00:00.000;41195;Chicken of the Sea Salmon Pouch;2
2021;8;2021-08-12 00:00:00.000;4169C;G Hughes Sugar Free Ketchup;2
2021;8;2021-08-06 00:00:00.000;41177;Hint Infused Water;4
2021;8;2021-08-06 00:00:00.000;41110;Lantana Hummus – Roasted Garlic, Black Bean, Edamame;3
2021;8;2021-08-06 00:00:00.000;41128;Kashi Pita Crisps;3
2021;8;2021-08-06 00:00:00.000;41167;Edy’s No Sugar Added Triple Chocolate;5
2021;8;2021-08-06 00:00:00.000;41202;Cool Brew Decaf;6
2021;8;2021-08-03 00:00:00.000;41129;Rouses Fat Free and Low Fat Milk;9
2021;8;2021-08-06 00:00:00.000;41208;Egglands’ Best Hard Cooked Eggs;4
2021;8;2021-08-06 00:00:00.000;41417;Dannon Light and Fit Greek;3
2021;8;2021-08-06 00:00:00.000;41200;Hunt’s No Salt Added Diced Tomato;4
2021;8;2021-08-06 00:00:00.000;41166;Breyers Delight Raspberry;4
2021;8;2021-08-03 00:00:00.000;41175;Nestle Splash;11
2021;8;2021-08-06 00:00:00.000;41172;La Croix Water Varieties;6
2021;8;2021-08-06 00:00:00.000;4172C;Rouses Yellow Mustard;4
2021;8;2021-08-06 00:00:00.000;41118;Wasa 7 Grain Crisp N Light;6
2021;8;2021-08-06 00:00:00.000;41207;Handsome Farms Pasture Raised Eggs;4
2021;8;2021-08-06 00:00:00.000;41168;Bluebell No Sugar Added Low Fat Ice Cream;5
2021;8;2021-08-06 00:00:00.000;41426;Hanley’s Sensational;3
2021;8;2021-08-06 00:00:00.000;41117;Triscuits Mini Smoked Gouda;5
2021;9;2021-09-14 00:00:00.000;41167;Edy’s No Sugar Added Triple Chocolate;2
2021;9;2021-09-21 00:00:00.000;41129;Rouses Fat Free and Low Fat Milk;1
2021;9;2021-09-13 00:00:00.000;41172;La Croix Water Varieties;11
2021;9;2021-09-21 00:00:00.000;41201;Rotel Original No Salt Added;2
2021;9;2021-09-29 00:00:00.000;4169C;G Hughes Sugar Free Ketchup;1
2021;9;2021-09-21 00:00:00.000;41128;Kashi Pita Crisps;3
2021;9;2021-09-23 00:00:00.000;41171;Rouses Coconut Water Berry Flavor;5
2021;9;2021-09-21 00:00:00.000;41177;Hint Infused Water;3
2021;9;2021-09-13 00:00:00.000;41118;Wasa 7 Grain Crisp N Light;16
2021;9;2021-09-14 00:00:00.000;41115;Triscuit Wheatberry Crackers;8
2021;9;2021-09-13 00:00:00.000;41159;Outshine Strawberry Yogurt Bar;10
2021;9;2021-09-14 00:00:00.000;41207;Handsome Farms Pasture Raised Eggs;10
2021;9;2021-09-14 00:00:00.000;41117;Triscuits Mini Smoked Gouda;26
2021;9;2021-09-13 00:00:00.000;41124;Crunch Master Cracker;5
2021;9;2021-09-29 00:00:00.000;41195;Chicken of the Sea Salmon Pouch;1
2021;9;2021-09-14 00:00:00.000;41175;Nestle Splash;4
2021;9;2021-09-24 00:00:00.000;41202;Cool Brew Decaf;4
2021;9;2021-09-13 00:00:00.000;41417;Dannon Light and Fit Greek;2
2021;9;2021-09-21 00:00:00.000;41427;Kraft Olive Oil Ranch;1
2021;9;2021-09-07 00:00:00.000;41110;Lantana Hummus – Roasted Garlic, Black Bean, Edamame;1
2021;9;2021-09-13 00:00:00.000;41174;Perrier Mineral Water;2
2021;10;2021-10-12 00:00:00.000;41128;Kashi Pita Crisps;12
2021;10;2021-10-11 00:00:00.000;41163;Chilly Cow Frozen Bars;6
2021;10;2021-10-26 00:00:00.000;41167;Edy’s No Sugar Added Triple Chocolate;12
2021;10;2021-10-13 00:00:00.000;41129;Rouses Fat Free and Low Fat Milk;2
2021;10;2021-10-14 00:00:00.000;4158B;G Hughes Sugar Free BBQ Sauce;3
2021;10;2021-10-01 00:00:00.000;41172;La Croix Water Varieties;57
2021;10;2021-10-14 00:00:00.000;41175;Nestle Splash;11
2021;10;2021-10-14 00:00:00.000;41202;Cool Brew Decaf;12
2021;10;2021-10-08 00:00:00.000;41202;Cool Brew Decaf;28
2021;10;2021-10-07 00:00:00.000;41426;Hanley’s Sensational;1
2021;10;2021-10-07 00:00:00.000;41207;Handsome Farms Pasture Raised Eggs;30
2021;10;2021-10-01 00:00:00.000;41117;Triscuits Mini Smoked Gouda;73
2021;10;2021-10-06 00:00:00.000;41215;Fleis Move Over Butter;1
2021;10;2021-10-14 00:00:00.000;41171;Rouses Coconut Water Berry Flavor;34
2021;10;2021-10-28 00:00:00.000;41901;Magic Seasoning, Salt Free, Sugar Free;1
2021;10;2021-10-07 00:00:00.000;41118;Wasa 7 Grain Crisp N Light;100
2021;10;2021-10-11 00:00:00.000;41166;Breyers Delight Raspberry;6
2021;10;2021-10-15 00:00:00.000;4172C;Rouses Yellow Mustard;16
2021;10;2021-10-14 00:00:00.000;41200;Hunt’s No Salt Added Diced Tomato;16
2021;10;2021-10-11 00:00:00.000;41222;Blue Diamond Almond Crackers;2
2021;10;2021-10-29 00:00:00.000;41210;Just Egg Plant Based;2
2021;10;2021-10-15 00:00:00.000;41428;Kraft Mayo with Olive Oil;1
2021;10;2021-10-20 00:00:00.000;41152;Outer Isle Pizza Crust;2
2021;10;2021-10-25 00:00:00.000;41201;Rotel Original No Salt Added;4
2021;10;2021-10-11 00:00:00.000;41168;Bluebell No Sugar Added Low Fat Ice Cream;10
2021;10;2021-10-01 00:00:00.000;41427;Kraft Olive Oil Ranch;13
2021;10;2021-10-13 00:00:00.000;41113;Opadipity Lighthouse Greek Yogurt Dip;10
2021;10;2021-10-14 00:00:00.000;41136;Almond Breeze Unsweetened Vanilla;3
2021;10;2021-10-11 00:00:00.000;41161;Weight Watchers Triple Chocolate Bar;2
2021;10;2021-10-13 00:00:00.000;41419;YQ Yogurt Vanilla;7
2021;10;2021-10-15 00:00:00.000;41425;Primal Kitchen Balsalmic Vinaigrette;5
2021;10;2021-10-20 00:00:00.000;41131;Fairlife Fat Free Milk;2
2021;10;2021-10-15 00:00:00.000;4169C;G Hughes Sugar Free Ketchup;4
2021;10;2021-10-11 00:00:00.000;41219;Wasa 7 Grain Crisp N Light;2
2021;10;2021-10-07 00:00:00.000;41115;Triscuit Wheatberry Crackers;115
2021;10;2021-10-14 00:00:00.000;41177;Hint Infused Water;4
2021;10;2021-10-01 00:00:00.000;41417;Dannon Light and Fit Greek;9
2021;10;2021-10-14 00:00:00.000;41158;Halo Top Ice Cream;10
2021;10;2021-10-08 00:00:00.000;41208;Egglands’ Best Hard Cooked Eggs;18
2021;10;2021-10-14 00:00:00.000;41220;Nabisco Good Thins Varieties;1
2021;10;2021-10-27 00:00:00.000;41110;Lantana Hummus – Roasted Garlic, Black Bean, Edamame;6
2021;10;2021-10-07 00:00:00.000;41124;Crunch Master Cracker;15
2021;10;2021-10-06 00:00:00.000;41174;Perrier Mineral Water;1
2021;10;2021-10-26 00:00:00.000;41195;Chicken of the Sea Salmon Pouch;1
2021;11;2021-11-03 00:00:00.000;41117;Triscuits Mini Smoked Gouda;57
2021;11;2021-11-16 00:00:00.000;41210;Just Egg Plant Based;2
2021;11;2021-11-17 00:00:00.000;41113;Opadipity Lighthouse Greek Yogurt Dip;2
2021;11;2021-11-04 00:00:00.000;41118;Wasa 7 Grain Crisp N Light;39
2021;11;2021-11-15 00:00:00.000;41156;Table 87 Pizza Mushroom White Truffle;2
2021;11;2021-11-09 00:00:00.000;41207;Handsome Farms Pasture Raised Eggs;50
2021;11;2021-11-22 00:00:00.000;41158;Halo Top Ice Cream;3
2021;11;2021-11-08 00:00:00.000;41172;La Croix Water Varieties;101
2021;11;2021-11-03 00:00:00.000;4172C;Rouses Yellow Mustard;39
2021;11;2021-11-04 00:00:00.000;41175;Nestle Splash;22
2021;11;2021-11-03 00:00:00.000;41202;Cool Brew Decaf;31
2021;11;2021-11-19 00:00:00.000;41403;Protein2O water;1
2021;11;2021-11-02 00:00:00.000;41180;Bumblebee Tuna Salad Ready to Eat;2
2021;11;2021-11-08 00:00:00.000;41200;Hunt’s No Salt Added Diced Tomato;6
2021;11;2021-11-03 00:00:00.000;41208;Egglands’ Best Hard Cooked Eggs;14
2021;11;2021-11-15 00:00:00.000;41417;Dannon Light and Fit Greek;7
2021;11;2021-11-10 00:00:00.000;41424;Lisanatti Foods Almond Mozzarella Style;1
2021;11;2021-11-18 00:00:00.000;41110;Lantana Hummus – Roasted Garlic, Black Bean, Edamame;2
2021;11;2021-11-08 00:00:00.000;41128;Kashi Pita Crisps;6
2021;11;2021-11-04 00:00:00.000;41167;Edy’s No Sugar Added Triple Chocolate;12
2021;11;2021-11-19 00:00:00.000;41217;Triscuit Wheatberry Crackers;1
2021;11;2021-11-04 00:00:00.000;41129;Rouses Fat Free and Low Fat Milk;5
2021;11;2021-11-15 00:00:00.000;41220;Nabisco Good Thins Varieties;2
2021;11;2021-11-04 00:00:00.000;41177;Hint Infused Water;7
2021;11;2021-11-09 00:00:00.000;41202;Cool Brew Decaf;12
2021;11;2021-11-04 00:00:00.000;41115;Triscuit Wheatberry Crackers;65
2021;11;2021-11-16 00:00:00.000;41124;Crunch Master Cracker;17
2021;11;2021-11-09 00:00:00.000;41201;Rotel Original No Salt Added;2
2021;11;2021-11-04 00:00:00.000;41221;Crunch Master Cracker;1
2021;11;2021-11-10 00:00:00.000;41415;Muscle Milk Banana Cream;2
2021;11;2021-11-24 00:00:00.000;41152;Outer Isle Pizza Crust;1
2021;11;2021-11-05 00:00:00.000;41171;Rouses Coconut Water Berry Flavor;18
2021;11;2021-11-17 00:00:00.000;41901;Magic Seasoning, Salt Free, Sugar Free;1
2021;11;2021-11-03 00:00:00.000;41206;Egglands’ Best Eggs;6
2021;11;2021-11-17 00:00:00.000;41213;Brummel & Brown Yogurt Butter;3
2021;12;2021-12-23 00:00:00.000;41166;Breyers Delight Raspberry;1
2021;12;2021-12-22 00:00:00.000;4169C;G Hughes Sugar Free Ketchup;2
2021;12;2021-12-07 00:00:00.000;41222;Blue Diamond Almond Crackers;1
2021;12;2021-12-10 00:00:00.000;41158;Halo Top Ice Cream;9
2021;12;2021-12-14 00:00:00.000;41208;Egglands’ Best Hard Cooked Eggs;2
2021;12;2021-12-15 00:00:00.000;41174;Perrier Mineral Water;1
2021;12;2021-12-06 00:00:00.000;41175;Nestle Splash;22
2021;12;2021-12-14 00:00:00.000;41202;Cool Brew Decaf;4
2021;12;2021-12-09 00:00:00.000;41417;Dannon Light and Fit Greek;2
2021;12;2021-12-22 00:00:00.000;41419;YQ Yogurt Vanilla;1
2021;12;2021-12-02 00:00:00.000;41117;Triscuits Mini Smoked Gouda;10
2021;12;2021-12-07 00:00:00.000;41124;Crunch Master Cracker;13
2021;12;2021-12-02 00:00:00.000;41115;Triscuit Wheatberry Crackers;11
2021;12;2021-12-02 00:00:00.000;41118;Wasa 7 Grain Crisp N Light;4
2021;12;2021-12-21 00:00:00.000;41207;Handsome Farms Pasture Raised Eggs;2
2021;12;2021-12-10 00:00:00.000;41129;Rouses Fat Free and Low Fat Milk;4
2021;12;2021-12-02 00:00:00.000;41128;Kashi Pita Crisps;6
2021;12;2021-12-02 00:00:00.000;41171;Rouses Coconut Water Berry Flavor;17
2021;12;2021-12-22 00:00:00.000;41131;Fairlife Fat Free Milk;3
2021;12;2021-12-14 00:00:00.000;41172;La Croix Water Varieties;36
2021;12;2021-12-06 00:00:00.000;4172C;Rouses Yellow Mustard;9
2021;12;2021-12-22 00:00:00.000;41200;Hunt’s No Salt Added Diced Tomato;6
2021;12;2021-12-02 00:00:00.000;41152;Outer Isle Pizza Crust;6
2021;12;2021-12-02 00:00:00.000;41126;Blue Diamond Almond Crackers;1
2022;1;2022-01-12 00:00:00.000;41115;Triscuit Wheatberry Crackers;45
2022;1;2022-01-14 00:00:00.000;41207;Handsome Farms Pasture Raised Eggs;8
2022;1;2022-01-14 00:00:00.000;41117;Triscuits Mini Smoked Gouda;36
2022;1;2022-01-17 00:00:00.000;41141;Morning Star Farm Breakfast Patties;1
2022;1;2022-01-12 00:00:00.000;41168;Bluebell No Sugar Added Low Fat Ice Cream;2
2022;1;2022-01-05 00:00:00.000;41219;Wasa 7 Grain Crisp N Light;1
2022;1;2022-01-31 00:00:00.000;41136;Almond Breeze Unsweetened Vanilla;3
2022;1;2022-01-24 00:00:00.000;41175;Nestle Splash;16
2022;1;2022-01-18 00:00:00.000;41202;Cool Brew Decaf;6
2022;1;2022-01-12 00:00:00.000;41206;Egglands’ Best Eggs;9
2022;1;2022-01-05 00:00:00.000;41224;Kashi Pita Crisps;1
2022;1;2022-01-14 00:00:00.000;41118;Wasa 7 Grain Crisp N Light;47
2022;1;2022-01-25 00:00:00.000;41415;Muscle Milk Banana Cream;1
2022;1;2022-01-19 00:00:00.000;41152;Outer Isle Pizza Crust;4
2022;1;2022-01-19 00:00:00.000;41171;Rouses Coconut Water Berry Flavor;34
2022;1;2022-01-24 00:00:00.000;41177;Hint Infused Water;8
2022;1;2022-01-06 00:00:00.000;41124;Crunch Master Cracker;26
2022;1;2022-01-24 00:00:00.000;41213;Brummel & Brown Yogurt Butter;3
2022;1;2022-01-25 00:00:00.000;41419;YQ Yogurt Vanilla;1
2022;1;2022-01-19 00:00:00.000;41150;Eating Well Gnocci with Vegetables;6
2022;1;2022-01-18 00:00:00.000;41161;Weight Watchers Triple Chocolate Bar;3
2022;1;2022-01-06 00:00:00.000;41172;La Croix Water Varieties;233
2022;1;2022-01-20 00:00:00.000;4172C;Rouses Yellow Mustard;18
2022;1;2022-01-19 00:00:00.000;41131;Fairlife Fat Free Milk;2
2022;1;2022-01-13 00:00:00.000;4169C;G Hughes Sugar Free Ketchup;3
2022;1;2022-01-25 00:00:00.000;41128;Kashi Pita Crisps;8
2022;1;2022-01-05 00:00:00.000;41159;Outshine Strawberry Yogurt Bar;11
2022;1;2022-01-18 00:00:00.000;41163;Chilly Cow Frozen Bars;3
2022;1;2022-01-21 00:00:00.000;41167;Edy’s No Sugar Added Triple Chocolate;2
2022;1;2022-01-17 00:00:00.000;41210;Just Egg Plant Based;1
2022;1;2022-01-17 00:00:00.000;41142;Van Multigrain Waffles;1
2022;1;2022-01-25 00:00:00.000;41144;Lean Cuisine Grilled Chicken Caesar;1
2022;1;2022-01-19 00:00:00.000;41202;Cool Brew Decaf;4
2022;1;2022-01-17 00:00:00.000;41208;Egglands’ Best Hard Cooked Eggs;7
2022;1;2022-01-13 00:00:00.000;41417;Dannon Light and Fit Greek;5
2022;1;2022-01-17 00:00:00.000;41129;Rouses Fat Free and Low Fat Milk;5
2022;1;2022-01-05 00:00:00.000;41222;Blue Diamond Almond Crackers;1
2022;1;2022-01-05 00:00:00.000;41158;Halo Top Ice Cream;5
2022;1;2022-01-17 00:00:00.000;41110;Lantana Hummus – Roasted Garlic, Black Bean, Edamame;6
2022;1;2022-01-31 00:00:00.000;41158;Halo Top Ice Cream;2
2022;1;2022-01-25 00:00:00.000;41200;Hunt’s No Salt Added Diced Tomato;10
2022;2;2022-02-01 00:00:00.000;41115;Triscuit Wheatberry Crackers;33
2022;2;2022-02-21 00:00:00.000;41155;Rouses Spinach & Goat Cheese Thin Crust;2
2022;2;2022-02-16 00:00:00.000;41177;Hint Infused Water;3
2022;2;2022-02-01 00:00:00.000;41207;Handsome Farms Pasture Raised Eggs;7
2022;2;2022-02-01 00:00:00.000;41118;Wasa 7 Grain Crisp N Light;56
2022;2;2022-02-01 00:00:00.000;41117;Triscuits Mini Smoked Gouda;28
2022;2;2022-02-22 00:00:00.000;41128;Kashi Pita Crisps;2
2022;2;2022-02-03 00:00:00.000;41175;Nestle Splash;12
2022;2;2022-02-11 00:00:00.000;41206;Egglands’ Best Eggs;9
2022;2;2022-02-21 00:00:00.000;41129;Rouses Fat Free and Low Fat Milk;3
2022;2;2022-02-21 00:00:00.000;41221;Crunch Master Cracker;2
2022;2;2022-02-07 00:00:00.000;41427;Kraft Olive Oil Ranch;6
2022;2;2022-02-07 00:00:00.000;41158;Halo Top Ice Cream;4
2022;2;2022-02-24 00:00:00.000;41213;Brummel & Brown Yogurt Butter;2
2022;2;2022-02-01 00:00:00.000;41400;Protein One Chocolate Chip Bar;1
2022;2;2022-02-07 00:00:00.000;41124;Crunch Master Cracker;12
2022;2;2022-02-01 00:00:00.000;41208;Egglands’ Best Hard Cooked Eggs;2
2022;2;2022-02-22 00:00:00.000;41166;Breyers Delight Raspberry;1
2022;2;2022-02-01 00:00:00.000;4172C;Rouses Yellow Mustard;7
2022;2;2022-02-11 00:00:00.000;41174;Perrier Mineral Water;4
2022;2;2022-02-03 00:00:00.000;41222;Blue Diamond Almond Crackers;2
2022;2;2022-02-21 00:00:00.000;41135;Silk Creamer Original;1
2022;2;2022-02-21 00:00:00.000;41136;Almond Breeze Unsweetened Vanilla;3
2022;2;2022-02-09 00:00:00.000;41110;Lantana Hummus – Roasted Garlic, Black Bean, Edamame;1
2022;2;2022-02-01 00:00:00.000;41171;Rouses Coconut Water Berry Flavor;11
2022;2;2022-02-03 00:00:00.000;41201;Rotel Original No Salt Added;14
2022;2;2022-02-01 00:00:00.000;41152;Outer Isle Pizza Crust;8
2022;2;2022-02-22 00:00:00.000;41113;Opadipity Lighthouse Greek Yogurt Dip;2
2022;2;2022-02-17 00:00:00.000;4158B;G Hughes Sugar Free BBQ Sauce;3
2022;2;2022-02-01 00:00:00.000;41172;La Croix Water Varieties;116
2022;3;2022-03-04 00:00:00.000;41177;Hint Infused Water;2
2022;3;2022-03-25 00:00:00.000;41110;Lantana Hummus – Roasted Garlic, Black Bean, Edamame;4
2022;3;2022-03-02 00:00:00.000;41128;Kashi Pita Crisps;12
2022;3;2022-03-24 00:00:00.000;41142;Van Multigrain Waffles;1
2022;3;2022-03-10 00:00:00.000;41115;Triscuit Wheatberry Crackers;1
2022;3;2022-03-15 00:00:00.000;41175;Nestle Splash;6
2022;3;2022-03-21 00:00:00.000;41117;Triscuits Mini Smoked Gouda;9
2022;3;2022-03-21 00:00:00.000;41417;Dannon Light and Fit Greek;1
2022;3;2022-03-02 00:00:00.000;41129;Rouses Fat Free and Low Fat Milk;3
2022;3;2022-03-03 00:00:00.000;4158B;G Hughes Sugar Free BBQ Sauce;1
2022;3;2022-03-11 00:00:00.000;41172;La Croix Water Varieties;12
2022;3;2022-03-24 00:00:00.000;41141;Morning Star Farm Breakfast Patties;1
2022;3;2022-03-02 00:00:00.000;41118;Wasa 7 Grain Crisp N Light;2
2022;3;2022-03-15 00:00:00.000;41207;Handsome Farms Pasture Raised Eggs;3
2022;3;2022-03-03 00:00:00.000;41222;Blue Diamond Almond Crackers;2
2022;3;2022-03-15 00:00:00.000;41171;Rouses Coconut Water Berry Flavor;6
2022;3;2022-03-15 00:00:00.000;41213;Brummel & Brown Yogurt Butter;12
2022;3;2022-03-09 00:00:00.000;41124;Crunch Master Cracker;5
2022;3;2022-03-08 00:00:00.000;41166;Breyers Delight Raspberry;2
2022;3;2022-03-03 00:00:00.000;41427;Kraft Olive Oil Ranch;4
2022;3;2022-03-29 00:00:00.000;41206;Egglands’ Best Eggs;3
2022;3;2022-03-29 00:00:00.000;41113;Opadipity Lighthouse Greek Yogurt Dip;2
2022;3;2022-03-02 00:00:00.000;41201;Rotel Original No Salt Added;2
2022;3;2022-03-16 00:00:00.000;41221;Crunch Master Cracker;1
2022;4;2022-04-01 00:00:00.000;41110;Lantana Hummus – Roasted Garlic, Black Bean, Edamame;3
2022;4;2022-04-01 00:00:00.000;41129;Rouses Fat Free and Low Fat Milk;13
2022;4;2022-04-13 00:00:00.000;41222;Blue Diamond Almond Crackers;1
2022;4;2022-04-19 00:00:00.000;41140;Special K Flatbread Sausage Egg Cheese;5
2022;4;2022-04-18 00:00:00.000;41128;Kashi Pita Crisps;4
2022;4;2022-04-27 00:00:00.000;41166;Breyers Delight Raspberry;2
2022;4;2022-04-06 00:00:00.000;41172;La Croix Water Varieties;81
2022;4;2022-04-06 00:00:00.000;41171;Rouses Coconut Water Berry Flavor;16
2022;4;2022-04-12 00:00:00.000;41213;Brummel & Brown Yogurt Butter;7
2022;4;2022-04-01 00:00:00.000;41419;YQ Yogurt Vanilla;1
2022;4;2022-04-12 00:00:00.000;41177;Hint Infused Water;5
2022;4;2022-04-06 00:00:00.000;41152;Outer Isle Pizza Crust;2
2022;4;2022-04-28 00:00:00.000;41201;Rotel Original No Salt Added;4
2022;4;2022-04-06 00:00:00.000;41175;Nestle Splash;16
2022;4;2022-04-01 00:00:00.000;41206;Egglands’ Best Eggs;2
2022;4;2022-04-01 00:00:00.000;41427;Kraft Olive Oil Ranch;3
2022;4;2022-04-01 00:00:00.000;41115;Triscuit Wheatberry Crackers;8
2022;4;2022-04-01 00:00:00.000;41117;Triscuits Mini Smoked Gouda;3
2022;5;2022-05-31 00:00:00.000;41172;La Croix Water Varieties;6
2022;5;2022-05-09 00:00:00.000;41201;Rotel Original No Salt Added;19
2022;5;2022-05-09 00:00:00.000;41206;Egglands’ Best Eggs;2
2022;5;2022-05-20 00:00:00.000;41129;Rouses Fat Free and Low Fat Milk;8
2022;5;2022-05-18 00:00:00.000;41427;Kraft Olive Oil Ranch;6
2022;5;2022-05-24 00:00:00.000;41128;Kashi Pita Crisps;3
2022;5;2022-05-20 00:00:00.000;41419;YQ Yogurt Vanilla;9
2022;5;2022-05-05 00:00:00.000;41159;Outshine Strawberry Yogurt Bar;1
2022;6;2022-06-01 00:00:00.000;41201;Rotel Original No Salt Added;2
2022;6;2022-06-02 00:00:00.000;41206;Egglands’ Best Eggs;1
2022;6;2022-06-02 00:00:00.000;41124;Crunch Master Cracker;6
2022;6;2022-06-15 00:00:00.000;41171;Rouses Coconut Water Berry Flavor;6
2022;6;2022-06-02 00:00:00.000;41115;Triscuit Wheatberry Crackers;7
2022;6;2022-06-02 00:00:00.000;41175;Nestle Splash;6
2022;6;2022-06-02 00:00:00.000;41426;Hanley’s Sensational;2
2022;6;2022-06-30 00:00:00.000;41117;Triscuits Mini Smoked Gouda;6
2022;6;2022-06-30 00:00:00.000;41417;Dannon Light and Fit Greek;2
2022;6;2022-06-02 00:00:00.000;41424;Lisanatti Foods Almond Mozzarella Style;2
2022;6;2022-06-30 00:00:00.000;41163;Chilly Cow Frozen Bars;3
2022;6;2022-06-21 00:00:00.000;41137;Califia Almond Milk Unsweetened;2
2022;6;2022-06-30 00:00:00.000;41161;Weight Watchers Triple Chocolate Bar;10
2022;6;2022-06-23 00:00:00.000;4172C;Rouses Yellow Mustard;2
2022;7;2022-07-15 00:00:00.000;41201;Rotel Original No Salt Added;5
2022;7;2022-07-14 00:00:00.000;41129;Rouses Fat Free and Low Fat Milk;3
2022;8;2022-08-04 00:00:00.000;41155;Rouses Spinach & Goat Cheese Thin Crust;1
2022;8;2022-08-04 00:00:00.000;41159;Outshine Strawberry Yogurt Bar;1
2022;8;2022-08-10 00:00:00.000;41129;Rouses Fat Free and Low Fat Milk;1
2022;8;2022-08-12 00:00:00.000;41201;Rotel Original No Salt Added;5
2022;9;2022-09-12 00:00:00.000;41128;Kashi Pita Crisps;14
2022;9;2022-09-29 00:00:00.000;41132;Califia Creamer Hazelnut;3
2022;9;2022-09-20 00:00:00.000;41202;Cool Brew Decaf;22
2022;9;2022-09-29 00:00:00.000;41177;Hint Infused Water;10
2022;9;2022-09-12 00:00:00.000;41202;Cool Brew Decaf;4
2022;9;2022-09-12 00:00:00.000;41208;Egglands’ Best Hard Cooked Eggs;10
2022;9;2022-09-13 00:00:00.000;41129;Rouses Fat Free and Low Fat Milk;11
2022;9;2022-09-13 00:00:00.000;41172;La Croix Water Varieties;91
2022;9;2022-09-13 00:00:00.000;41175;Nestle Splash;7
2022;9;2022-09-12 00:00:00.000;41202;Cool Brew Decaf;4
2022;9;2022-09-01 00:00:00.000;41200;Hunt’s No Salt Added Diced Tomato;4
2022;9;2022-09-12 00:00:00.000;41115;Triscuit Wheatberry Crackers;29
2022;9;2022-09-29 00:00:00.000;41159;Outshine Strawberry Yogurt Bar;10
2022;9;2022-09-12 00:00:00.000;41180;Bumblebee Tuna Salad Ready to Eat;6
2022;9;2022-09-12 00:00:00.000;41171;Rouses Coconut Water Berry Flavor;28
2022;9;2022-09-12 00:00:00.000;41434;Rouses Extra Virgin Organic Sicilian Olive Oil;4
2022;9;2022-09-12 00:00:00.000;41118;Wasa 7 Grain Crisp N Light;6
2022;9;2022-09-12 00:00:00.000;41117;Triscuits Mini Smoked Gouda;19
2022;9;2022-09-12 00:00:00.000;41419;YQ Yogurt Vanilla;4
2022;9;2022-09-12 00:00:00.000;41207;Handsome Farms Pasture Raised Eggs;4
2022;9;2022-09-16 00:00:00.000;41201;Rotel Original No Salt Added;5
2022;9;2022-09-30 00:00:00.000;41427;Kraft Olive Oil Ranch;4
2022;9;2022-09-09 00:00:00.000;41131;Fairlife Fat Free Milk;6
2022;9;2022-09-08 00:00:00.000;41124;Crunch Master Cracker;7
2022;10;2022-10-21 00:00:00.000;41901;Magic Seasoning, Salt Free, Sugar Free;1
2022;10;2022-10-28 00:00:00.000;41202;Cool Brew Decaf;1
2022;10;2022-10-21 00:00:00.000;41129;Rouses Fat Free and Low Fat Milk;2
2022;10;2022-10-14 00:00:00.000;41168;Bluebell No Sugar Added Low Fat Ice Cream;4
2022;10;2022-10-10 00:00:00.000;41158;Halo Top Ice Cream;1
2022;10;2022-10-26 00:00:00.000;41433;Rouses Extra Virgin Olive Oil;1
2022;10;2022-10-07 00:00:00.000;41134;Living Harvest Hemp Milk Unsweetened;1
2022;10;2022-10-10 00:00:00.000;41208;Egglands’ Best Hard Cooked Eggs;12
2022;10;2022-10-25 00:00:00.000;41229;That’s It Fruit Bar;2
2022;10;2022-10-11 00:00:00.000;41172;La Croix Water Varieties;3
2022;10;2022-10-10 00:00:00.000;41166;Breyers Delight Raspberry;4
2022;10;2022-10-12 00:00:00.000;41128;Kashi Pita Crisps;8
2022;10;2022-10-19 00:00:00.000;41113;Opadipity Lighthouse Greek Yogurt Dip;3
2022;10;2022-10-03 00:00:00.000;41118;Wasa 7 Grain Crisp N Light;55
2022;10;2022-10-28 00:00:00.000;41142;Van Multigrain Waffles;1
2022;10;2022-10-11 00:00:00.000;41202;Cool Brew Decaf;18
2022;10;2022-10-12 00:00:00.000;41152;Outer Isle Pizza Crust;8
2022;10;2022-10-12 00:00:00.000;41177;Hint Infused Water;7
2022;10;2022-10-10 00:00:00.000;41207;Handsome Farms Pasture Raised Eggs;17
2022;10;2022-10-19 00:00:00.000;41213;Brummel & Brown Yogurt Butter;1
2022;10;2022-10-07 00:00:00.000;41419;YQ Yogurt Vanilla;1
2022;10;2022-10-07 00:00:00.000;41124;Crunch Master Cracker;4
2022;10;2022-10-03 00:00:00.000;41171;Rouses Coconut Water Berry Flavor;39
2022;10;2022-10-12 00:00:00.000;41434;Rouses Extra Virgin Organic Sicilian Olive Oil;8
2022;10;2022-10-28 00:00:00.000;41141;Morning Star Farm Breakfast Patties;1
2022;10;2022-10-07 00:00:00.000;41117;Triscuits Mini Smoked Gouda;56
2022;10;2022-10-11 00:00:00.000;41418;Total Greek Yogurt 0%;6
2022;10;2022-10-07 00:00:00.000;41115;Triscuit Wheatberry Crackers;61
2022;10;2022-10-25 00:00:00.000;41219;Wasa 7 Grain Crisp N Light;1
2022;10;2022-10-18 00:00:00.000;41175;Nestle Splash;9
2022;10;2022-10-10 00:00:00.000;41202;Cool Brew Decaf;12
2022;10;2022-10-10 00:00:00.000;41221;Crunch Master Cracker;1
2022;11;2022-11-02 00:00:00.000;41171;Rouses Coconut Water Berry Flavor;35
2022;11;2022-11-03 00:00:00.000;41434;Rouses Extra Virgin Organic Sicilian Olive Oil;6
2022;11;2022-11-02 00:00:00.000;41113;Opadipity Lighthouse Greek Yogurt Dip;6
2022;11;2022-11-08 00:00:00.000;41163;Chilly Cow Frozen Bars;3
2022;11;2022-11-14 00:00:00.000;41201;Rotel Original No Salt Added;2
2022;11;2022-11-07 00:00:00.000;41229;That’s It Fruit Bar;1
2022;11;2022-11-03 00:00:00.000;41419;YQ Yogurt Vanilla;9
2022;11;2022-11-15 00:00:00.000;41168;Bluebell No Sugar Added Low Fat Ice Cream;10
2022;11;2022-11-04 00:00:00.000;4172C;Rouses Yellow Mustard;11
2022;11;2022-11-03 00:00:00.000;41213;Brummel & Brown Yogurt Butter;6
2022;11;2022-11-02 00:00:00.000;41110;Lantana Hummus – Roasted Garlic, Black Bean, Edamame;4
2022;11;2022-11-03 00:00:00.000;41124;Crunch Master Cracker;9
2022;11;2022-11-03 00:00:00.000;41175;Nestle Splash;27
2022;11;2022-11-03 00:00:00.000;41202;Cool Brew Decaf;8
2022;11;2022-11-02 00:00:00.000;41427;Kraft Olive Oil Ranch;6
2022;11;2022-11-14 00:00:00.000;41129;Rouses Fat Free and Low Fat Milk;2
2022;11;2022-11-22 00:00:00.000;41158;Halo Top Ice Cream;1
2022;11;2022-11-11 00:00:00.000;41177;Hint Infused Water;3
2022;11;2022-11-03 00:00:00.000;41208;Egglands’ Best Hard Cooked Eggs;9
2022;11;2022-11-08 00:00:00.000;41418;Total Greek Yogurt 0%;12
2022;11;2022-11-22 00:00:00.000;41141;Morning Star Farm Breakfast Patties;1
2022;11;2022-11-22 00:00:00.000;41142;Van Multigrain Waffles;1
2022;11;2022-11-03 00:00:00.000;41210;Just Egg Plant Based;2
2022;11;2022-11-03 00:00:00.000;41115;Triscuit Wheatberry Crackers;29
2022;11;2022-11-03 00:00:00.000;41118;Wasa 7 Grain Crisp N Light;16
2022;11;2022-11-14 00:00:00.000;41128;Kashi Pita Crisps;1
2022;11;2022-11-08 00:00:00.000;41202;Cool Brew Decaf;34
2022;11;2022-11-03 00:00:00.000;41207;Handsome Farms Pasture Raised Eggs;9
2022;11;2022-11-02 00:00:00.000;41117;Triscuits Mini Smoked Gouda;50
2022;11;2022-11-21 00:00:00.000;41156;Table 87 Pizza Mushroom White Truffle;2
2022;11;2022-11-04 00:00:00.000;41172;La Croix Water Varieties;132
2022;12;2022-12-19 00:00:00.000;41124;Crunch Master Cracker;1
2022;12;2022-12-12 00:00:00.000;41171;Rouses Coconut Water Berry Flavor;18
2022;12;2022-12-15 00:00:00.000;41113;Opadipity Lighthouse Greek Yogurt Dip;5
2022;12;2022-12-06 00:00:00.000;41131;Fairlife Fat Free Milk;3
2022;12;2022-12-06 00:00:00.000;41152;Outer Isle Pizza Crust;8
2022;12;2022-12-07 00:00:00.000;41427;Kraft Olive Oil Ranch;9
2022;12;2022-12-19 00:00:00.000;41136;Almond Breeze Unsweetened Vanilla;12
2022;12;2022-12-14 00:00:00.000;41207;Handsome Farms Pasture Raised Eggs;5
2022;12;2022-12-22 00:00:00.000;41419;YQ Yogurt Vanilla;1
2022;12;2022-12-12 00:00:00.000;41117;Triscuits Mini Smoked Gouda;16
2022;12;2022-12-06 00:00:00.000;41141;Morning Star Farm Breakfast Patties;2
2022;12;2022-12-16 00:00:00.000;41155;Rouses Spinach & Goat Cheese Thin Crust;1
2022;12;2022-12-26 00:00:00.000;41168;Bluebell No Sugar Added Low Fat Ice Cream;1
2022;12;2022-12-07 00:00:00.000;41118;Wasa 7 Grain Crisp N Light;13
2022;12;2022-12-14 00:00:00.000;41208;Egglands’ Best Hard Cooked Eggs;6
2022;12;2022-12-07 00:00:00.000;41115;Triscuit Wheatberry Crackers;45
2022;12;2022-12-14 00:00:00.000;41158;Halo Top Ice Cream;7
2022;12;2022-12-14 00:00:00.000;41202;Cool Brew Decaf;8
2022;12;2022-12-07 00:00:00.000;41901;Magic Seasoning, Salt Free, Sugar Free;1
2022;12;2022-12-21 00:00:00.000;41137;Califia Almond Milk Unsweetened;1
2022;12;2022-12-06 00:00:00.000;41142;Van Multigrain Waffles;2
2022;12;2022-12-06 00:00:00.000;4172C;Rouses Yellow Mustard;2
2022;12;2022-12-14 00:00:00.000;41177;Hint Infused Water;2
2022;12;2022-12-15 00:00:00.000;41128;Kashi Pita Crisps;2
2022;12;2022-12-02 00:00:00.000;41202;Cool Brew Decaf;3
2023;1;2023-01-02 00:00:00.000;41118;Wasa 7 Grain Crisp N Light;32
2023;1;2023-01-30 00:00:00.000;41433;Rouses Extra Virgin Olive Oil;5
2023;1;2023-01-23 00:00:00.000;41207;Handsome Farms Pasture Raised Eggs;3
2023;1;2023-01-31 00:00:00.000;41152;Outer Isle Pizza Crust;3
2023;1;2023-01-10 00:00:00.000;41171;Rouses Coconut Water Berry Flavor;3
2023;1;2023-01-27 00:00:00.000;41434;Rouses Extra Virgin Organic Sicilian Olive Oil;2
2023;1;2023-01-20 00:00:00.000;41151;Lean Cuisine Spinach and Mushrooms;2
2023;1;2023-01-05 00:00:00.000;41195;Chicken of the Sea Salmon Pouch;1
2023;1;2023-01-04 00:00:00.000;41419;YQ Yogurt Vanilla;19
2023;1;2023-01-09 00:00:00.000;41202;Cool Brew Decaf;6
2023;1;2023-01-13 00:00:00.000;41210;Just Egg Plant Based;2
2023;1;2023-01-02 00:00:00.000;41117;Triscuits Mini Smoked Gouda;46
2023;1;2023-01-09 00:00:00.000;41155;Rouses Spinach & Goat Cheese Thin Crust;4
2023;1;2023-01-18 00:00:00.000;41177;Hint Infused Water;2
2023;1;2023-01-13 00:00:00.000;41418;Total Greek Yogurt 0%;7
2023;1;2023-01-05 00:00:00.000;41115;Triscuit Wheatberry Crackers;35
2023;1;2023-01-05 00:00:00.000;41124;Crunch Master Cracker;26
2023;1;2023-01-05 00:00:00.000;41175;Nestle Splash;4
2023;1;2023-01-17 00:00:00.000;41202;Cool Brew Decaf;12
2023;1;2023-01-26 00:00:00.000;41131;Fairlife Fat Free Milk;3
2023;1;2023-01-17 00:00:00.000;41213;Brummel & Brown Yogurt Butter;9
2023;1;2023-01-17 00:00:00.000;41208;Egglands’ Best Hard Cooked Eggs;12
2023;1;2023-01-11 00:00:00.000;41417;Dannon Light and Fit Greek;5
2023;1;2023-01-30 00:00:00.000;4133C;Amy’s Vegetable Lentil Soup;4
2023;1;2023-01-04 00:00:00.000;41129;Rouses Fat Free and Low Fat Milk;13
2023;1;2023-01-12 00:00:00.000;41431;Best Choice Olive Oil Pan Coat;1
2023;1;2023-01-25 00:00:00.000;41110;Lantana Hummus – Roasted Garlic, Black Bean, Edamame;2
2023;1;2023-01-04 00:00:00.000;41168;Bluebell No Sugar Added Low Fat Ice Cream;6
2023;1;2023-01-11 00:00:00.000;41132;Califia Creamer Hazelnut;2
2023;1;2023-01-13 00:00:00.000;4169C;G Hughes Sugar Free Ketchup;2
2023;1;2023-01-05 00:00:00.000;41158;Halo Top Ice Cream;3
2023;1;2023-01-11 00:00:00.000;4172C;Rouses Yellow Mustard;4
2023;1;2023-01-10 00:00:00.000;41221;Crunch Master Cracker;3
2023;1;2023-01-18 00:00:00.000;41427;Kraft Olive Oil Ranch;6
2023;2;2023-02-01 00:00:00.000;41128;Kashi Pita Crisps;4
2023;2;2023-02-01 00:00:00.000;41418;Total Greek Yogurt 0%;10
2023;2;2023-02-01 00:00:00.000;41129;Rouses Fat Free and Low Fat Milk;4
2023;2;2023-02-22 00:00:00.000;41175;Nestle Splash;2
2023;2;2023-02-07 00:00:00.000;41417;Dannon Light and Fit Greek;4
2023;2;2023-02-01 00:00:00.000;41426;Hanley’s Sensational;5
2023;2;2023-02-13 00:00:00.000;41117;Triscuits Mini Smoked Gouda;30
2023;2;2023-02-01 00:00:00.000;41124;Crunch Master Cracker;9
2023;2;2023-02-02 00:00:00.000;41158;Halo Top Ice Cream;5
2023;2;2023-02-01 00:00:00.000;41433;Rouses Extra Virgin Olive Oil;17
2023;2;2023-02-01 00:00:00.000;41115;Triscuit Wheatberry Crackers;34
2023;2;2023-02-01 00:00:00.000;41118;Wasa 7 Grain Crisp N Light;19
2023;2;2023-02-16 00:00:00.000;41158;Halo Top Ice Cream;1
2023;2;2023-02-10 00:00:00.000;41177;Hint Infused Water;4
2023;2;2023-02-03 00:00:00.000;41222;Blue Diamond Almond Crackers;1
2023;2;2023-02-01 00:00:00.000;41434;Rouses Extra Virgin Organic Sicilian Olive Oil;4
2023;2;2023-02-01 00:00:00.000;41113;Opadipity Lighthouse Greek Yogurt Dip;5
2023;2;2023-02-02 00:00:00.000;41136;Almond Breeze Unsweetened Vanilla;1
2023;2;2023-02-22 00:00:00.000;41201;Rotel Original No Salt Added;3
2023;2;2023-02-01 00:00:00.000;41213;Brummel & Brown Yogurt Butter;9
2023;2;2023-02-01 00:00:00.000;41419;YQ Yogurt Vanilla;4
2023;2;2023-02-28 00:00:00.000;41206;Egglands’ Best Eggs;3
2023;2;2023-02-22 00:00:00.000;41427;Kraft Olive Oil Ranch;2
2023;2;2023-02-09 00:00:00.000;41166;Breyers Delight Raspberry;2
2023;2;2023-02-10 00:00:00.000;4169C;G Hughes Sugar Free Ketchup;1
2023;2;2023-02-08 00:00:00.000;41131;Fairlife Fat Free Milk;5
2023;2;2023-02-08 00:00:00.000;4172C;Rouses Yellow Mustard;1
2023;2;2023-02-20 00:00:00.000;41200;Hunt’s No Salt Added Diced Tomato;1
2023;3;2023-03-09 00:00:00.000;41417;Dannon Light and Fit Greek;1
2023;3;2023-03-01 00:00:00.000;41115;Triscuit Wheatberry Crackers;11
2023;3;2023-03-30 00:00:00.000;41177;Hint Infused Water;1
2023;3;2023-03-10 00:00:00.000;41221;Crunch Master Cracker;2
2023;3;2023-03-09 00:00:00.000;41129;Rouses Fat Free and Low Fat Milk;2
2023;3;2023-03-28 00:00:00.000;41427;Kraft Olive Oil Ranch;4
2023;3;2023-03-01 00:00:00.000;41158;Halo Top Ice Cream;1
2023;3;2023-03-13 00:00:00.000;41110;Lantana Hummus – Roasted Garlic, Black Bean, Edamame;1
2023;3;2023-03-09 00:00:00.000;41433;Rouses Extra Virgin Olive Oil;8
2023;3;2023-03-13 00:00:00.000;4169C;G Hughes Sugar Free Ketchup;5
2023;3;2023-03-02 00:00:00.000;41155;Rouses Spinach & Goat Cheese Thin Crust;3
2023;3;2023-03-09 00:00:00.000;41171;Rouses Coconut Water Berry Flavor;9
2023;3;2023-03-13 00:00:00.000;41201;Rotel Original No Salt Added;1
2023;3;2023-03-21 00:00:00.000;41118;Wasa 7 Grain Crisp N Light;3
2023;3;2023-03-02 00:00:00.000;41124;Crunch Master Cracker;4
2023;3;2023-03-09 00:00:00.000;41195;Chicken of the Sea Salmon Pouch;1
2023;3;2023-03-09 00:00:00.000;41117;Triscuits Mini Smoked Gouda;14
2023;3;2023-03-08 00:00:00.000;41419;YQ Yogurt Vanilla;2
2023;4;2023-04-28 00:00:00.000;41201;Rotel Original No Salt Added;9
2023;4;2023-04-12 00:00:00.000;41129;Rouses Fat Free and Low Fat Milk;4
2023;4;2023-04-28 00:00:00.000;41213;Brummel & Brown Yogurt Butter;1
2023;4;2023-04-10 00:00:00.000;41163;Chilly Cow Frozen Bars;1
2023;4;2023-04-03 00:00:00.000;41180;Bumblebee Tuna Salad Ready to Eat;1
2023;4;2023-04-03 00:00:00.000;41210;Just Egg Plant Based;1
2023;4;2023-04-28 00:00:00.000;41177;Hint Infused Water;3
2023;4;2023-04-19 00:00:00.000;41117;Triscuits Mini Smoked Gouda;5
2023;4;2023-04-19 00:00:00.000;41118;Wasa 7 Grain Crisp N Light;5
2023;4;2023-04-10 00:00:00.000;41433;Rouses Extra Virgin Olive Oil;5
2023;5;2023-05-23 00:00:00.000;41206;Egglands’ Best Eggs;3
2023;5;2023-05-05 00:00:00.000;41201;Rotel Original No Salt Added;16
2023;5;2023-05-18 00:00:00.000;41118;Wasa 7 Grain Crisp N Light;3
2023;5;2023-05-10 00:00:00.000;41171;Rouses Coconut Water Berry Flavor;20
2023;5;2023-05-23 00:00:00.000;41115;Triscuit Wheatberry Crackers;3
2023;5;2023-05-10 00:00:00.000;41117;Triscuits Mini Smoked Gouda;1
2023;5;2023-05-03 00:00:00.000;41427;Kraft Olive Oil Ranch;2
2023;5;2023-05-18 00:00:00.000;41110;Lantana Hummus – Roasted Garlic, Black Bean, Edamame;1
2023;5;2023-05-17 00:00:00.000;41129;Rouses Fat Free and Low Fat Milk;4
2023;5;2023-05-10 00:00:00.000;41202;Cool Brew Decaf;1
2023;5;2023-05-10 00:00:00.000;41175;Nestle Splash;20
2023;6;2023-06-15 00:00:00.000;41117;Triscuits Mini Smoked Gouda;3
2023;6;2023-06-15 00:00:00.000;41206;Egglands’ Best Eggs;7
2023;6;2023-06-06 00:00:00.000;41141;Morning Star Farm Breakfast Patties;1
2023;6;2023-06-22 00:00:00.000;41152;Outer Isle Pizza Crust;1
2023;6;2023-06-13 00:00:00.000;41155;Rouses Spinach & Goat Cheese Thin Crust;2
2023;6;2023-06-19 00:00:00.000;41113;Opadipity Lighthouse Greek Yogurt Dip;1
2023;6;2023-06-21 00:00:00.000;41172;La Croix Water Varieties;9
2023;6;2023-06-09 00:00:00.000;41201;Rotel Original No Salt Added;10
2023;6;2023-06-29 00:00:00.000;41110;Lantana Hummus – Roasted Garlic, Black Bean, Edamame;2
2023;6;2023-06-22 00:00:00.000;41198;Cucinarte Jalapeno Quinoa;2
2023;6;2023-06-07 00:00:00.000;41158;Halo Top Ice Cream;9
2023;6;2023-06-06 00:00:00.000;41142;Van Multigrain Waffles;1
2023;6;2023-06-19 00:00:00.000;41128;Kashi Pita Crisps;2
2023;6;2023-06-15 00:00:00.000;41427;Kraft Olive Oil Ranch;18
2023;6;2023-06-29 00:00:00.000;41129;Rouses Fat Free and Low Fat Milk;1
2023;7;2023-07-12 00:00:00.000;41124;Crunch Master Cracker;2
2023;7;2023-07-03 00:00:00.000;41181;Wild Garden Snack Hummus with Crackers;1
2023;7;2023-07-11 00:00:00.000;41206;Egglands’ Best Eggs;4
2023;7;2023-07-05 00:00:00.000;41409;Glucerna Hunger Smart Shake;1
2023;7;2023-07-24 00:00:00.000;41128;Kashi Pita Crisps;2
2023;7;2023-07-05 00:00:00.000;41131;Fairlife Fat Free Milk;7
2023;7;2023-07-05 00:00:00.000;41140;Special K Flatbread Sausage Egg Cheese;1
2023;7;2023-07-11 00:00:00.000;41129;Rouses Fat Free and Low Fat Milk;5
2023;7;2023-07-13 00:00:00.000;41201;Rotel Original No Salt Added;5
2023;7;2023-07-24 00:00:00.000;41158;Halo Top Ice Cream;1
2023;7;2023-07-11 00:00:00.000;41113;Opadipity Lighthouse Greek Yogurt Dip;4
2023;7;2023-07-07 00:00:00.000;41137;Califia Almond Milk Unsweetened;1
2023;8;2023-08-16 00:00:00.000;41434;Rouses Extra Virgin Organic Sicilian Olive Oil;1
2023;9;2023-09-13 00:00:00.000;4169C;G Hughes Sugar Free Ketchup;3
2023;9;2023-09-29 00:00:00.000;41222;Blue Diamond Almond Crackers;2
2023;9;2023-09-13 00:00:00.000;41110;Lantana Hummus – Roasted Garlic, Black Bean, Edamame;2
2023;9;2023-09-29 00:00:00.000;41166;Breyers Delight Raspberry;2
2023;9;2023-09-20 00:00:00.000;41901;Magic Seasoning, Salt Free, Sugar Free;2
2023;9;2023-09-29 00:00:00.000;41177;Hint Infused Water;2
2023;9;2023-09-14 00:00:00.000;41208;Egglands’ Best Hard Cooked Eggs;8
2023;9;2023-09-26 00:00:00.000;41417;Dannon Light and Fit Greek;8
2023;9;2023-09-15 00:00:00.000;41418;Total Greek Yogurt 0%;4
2023;9;2023-09-28 00:00:00.000;41202;Cool Brew Decaf;6
2023;9;2023-09-14 00:00:00.000;41213;Brummel & Brown Yogurt Butter;2
2023;9;2023-09-13 00:00:00.000;41129;Rouses Fat Free and Low Fat Milk;6
2023;9;2023-09-19 00:00:00.000;41175;Nestle Splash;12
2023;9;2023-09-26 00:00:00.000;41202;Cool Brew Decaf;15
2023;9;2023-09-22 00:00:00.000;41221;Crunch Master Cracker;3
2023;9;2023-09-13 00:00:00.000;41427;Kraft Olive Oil Ranch;1
2023;9;2023-09-28 00:00:00.000;41180;Bumblebee Tuna Salad Ready to Eat;2
2023;9;2023-09-01 00:00:00.000;41115;Triscuit Wheatberry Crackers;73
2023;9;2023-09-25 00:00:00.000;41124;Crunch Master Cracker;11
2023;9;2023-09-26 00:00:00.000;41207;Handsome Farms Pasture Raised Eggs;9
2023;9;2023-09-12 00:00:00.000;41118;Wasa 7 Grain Crisp N Light;36
2023;9;2023-09-13 00:00:00.000;41117;Triscuits Mini Smoked Gouda;22
2023;9;2023-09-12 00:00:00.000;41206;Egglands’ Best Eggs;10
2023;9;2023-09-11 00:00:00.000;41131;Fairlife Fat Free Milk;6
2023;9;2023-09-12 00:00:00.000;41419;YQ Yogurt Vanilla;16
2023;9;2023-09-11 00:00:00.000;41152;Outer Isle Pizza Crust;4
2023;9;2023-09-12 00:00:00.000;41171;Rouses Coconut Water Berry Flavor;36
2023;9;2023-09-13 00:00:00.000;41424;Lisanatti Foods Almond Mozzarella Style;1
2023;9;2023-09-29 00:00:00.000;41434;Rouses Extra Virgin Organic Sicilian Olive Oil;4
2023;9;2023-09-12 00:00:00.000;41201;Rotel Original No Salt Added;2
2023;10;2023-10-12 00:00:00.000;41110;Lantana Hummus – Roasted Garlic, Black Bean, Edamame;3
2023;10;2023-10-03 00:00:00.000;41208;Egglands’ Best Hard Cooked Eggs;17
2023;10;2023-10-04 00:00:00.000;41131;Fairlife Fat Free Milk;3
2023;10;2023-10-24 00:00:00.000;41901;Magic Seasoning, Salt Free, Sugar Free;1
2023;10;2023-10-19 00:00:00.000;41152;Outer Isle Pizza Crust;1
2023;10;2023-10-20 00:00:00.000;41166;Breyers Delight Raspberry;3
2023;10;2023-10-13 00:00:00.000;41158;Halo Top Ice Cream;8
2023;10;2023-10-03 00:00:00.000;41201;Rotel Original No Salt Added;7
2023;10;2023-10-04 00:00:00.000;41213;Brummel & Brown Yogurt Butter;17
2023;10;2023-10-19 00:00:00.000;41168;Bluebell No Sugar Added Low Fat Ice Cream;10
2023;10;2023-10-03 00:00:00.000;41124;Crunch Master Cracker;19
2023;10;2023-10-03 00:00:00.000;41171;Rouses Coconut Water Berry Flavor;46
2023;10;2023-10-18 00:00:00.000;41202;Cool Brew Decaf;2
2023;10;2023-10-09 00:00:00.000;41434;Rouses Extra Virgin Organic Sicilian Olive Oil;2
2023;10;2023-10-03 00:00:00.000;41118;Wasa 7 Grain Crisp N Light;33
2023;10;2023-10-03 00:00:00.000;41207;Handsome Farms Pasture Raised Eggs;10
2023;10;2023-10-20 00:00:00.000;41219;Wasa 7 Grain Crisp N Light;1
2023;10;2023-10-19 00:00:00.000;41141;Morning Star Farm Breakfast Patties;1
2023;10;2023-10-09 00:00:00.000;41419;YQ Yogurt Vanilla;2
2023;10;2023-10-20 00:00:00.000;41129;Rouses Fat Free and Low Fat Milk;6
2023;10;2023-10-19 00:00:00.000;41142;Van Multigrain Waffles;1
2023;10;2023-10-18 00:00:00.000;4158B;G Hughes Sugar Free BBQ Sauce;2
2023;10;2023-10-26 00:00:00.000;41202;Cool Brew Decaf;4
2023;10;2023-10-20 00:00:00.000;41228;Kind Pressed Fruit Bars;1
2023;10;2023-10-03 00:00:00.000;41117;Triscuits Mini Smoked Gouda;33
2023;10;2023-10-12 00:00:00.000;41202;Cool Brew Decaf;19
2023;10;2023-10-03 00:00:00.000;41418;Total Greek Yogurt 0%;2
2023;10;2023-10-03 00:00:00.000;41115;Triscuit Wheatberry Crackers;52
2023;10;2023-10-17 00:00:00.000;41175;Nestle Splash;5
2023;10;2023-10-09 00:00:00.000;41177;Hint Infused Water;10
2023;10;2023-10-09 00:00:00.000;41202;Cool Brew Decaf;18
2023;10;2023-10-03 00:00:00.000;41417;Dannon Light and Fit Greek;9
